Porosity_used,k0_m2,Permeability_mD,Tortuosity,OutletHConc,C_molL,pH,eta_Pa_s,K_f_Pa,omega_rad_s,theta_deg,Lambda_m,debye_d_m,L_abs,sigma_abs,RE_real,RE_imag,RE_abs,TTM_real,TTM_imag,TTM_abs,RE_energy_proxy,TTM_energy_proxy_abs,matrix_cond,coefficient_combined_log_metric,Time_s,component,RE_abs_norm
0.545,1.8581234013843514e-11,18827.4347295717,1.21863423537651,0.0,0.0010001,7.0,0.001,2220000000.0,3141592.653589793,45.0,1.823142881860567e-05,9.659384446620077e-09,1.2591082491049487e-09,0.0056668312089938715,1478876215.753876,45038663.80946874,1479561875.2726252,-7.907110365964766e-08,4.1002349140375056e-07,4.1757813991740067e-07,2.1891033427602473e+18,1.7437150293687624e-13,1.4114610550198504e+27,9.1701331320702,0.1,full_path,1.0
0.545,1.8581234013843514e-11,18827.4347295717,1.21863423537651,0.0,0.0010001,7.0,0.001,2220000000.0,3141592.653589793,45.0,1.823142881860567e-05,9.659384446620077e-09,1.2591082491049487e-09,0.0056668312089938715,1478876215.753876,45038663.80946874,1479561875.2726252,-7.907110365964766e-08,4.1002349140375056e-07,4.1757813991740067e-07,2.1891033427602473e+18,1.7437150293687624e-13,1.4114610550198504e+27,9.1701331320702,0.1,porosity,1.0
0.545,1.8581234013843514e-11,18827.4347295717,1.21863423537651,0.0,0.0010001,7.0,0.001,2220000000.0,3141592.653589793,45.0,1.823142881860567e-05,9.659384446620077e-09,1.2591082491049487e-09,0.0056668312089938715,1478876215.753876,45038663.80946874,1479561875.2726252,-7.907110365964766e-08,4.1002349140375056e-07,4.1757813991740067e-07,2.1891033427602473e+18,1.7437150293687624e-13,1.4114610550198504e+27,9.1701331320702,0.1,permeability,1.0
0.545,1.8581234013843514e-11,18827.4347295717,1.21863423537651,0.0,0.0010001,7.0,0.001,2220000000.0,3141592.653589793,45.0,1.823142881860567e-05,9.659384446620077e-09,1.2591082491049487e-09,0.0056668312089938715,1478876215.753876,45038663.80946874,1479561875.2726252,-7.907110365964766e-08,4.1002349140375056e-07,4.1757813991740067e-07,2.1891033427602473e+18,1.7437150293687624e-13,1.4114610550198504e+27,9.1701331320702,0.1,tortuosity,1.0
0.545,1.8581234013843514e-11,18827.4347295717,1.21863423537651,0.0,0.0010001,7.0,0.001,2220000000.0,3141592.653589793,45.0,1.823142881860567e-05,9.659384446620077e-09,1.2591082491049487e-09,0.0056668312089938715,1478876215.753876,45038663.80946874,1479561875.2726252,-7.907110365964766e-08,4.1002349140375056e-07,4.1757813991740067e-07,2.1891033427602473e+18,1.7437150293687624e-13,1.4114610550198504e+27,9.1701331320702,0.1,fluid_chemistry,1.0
0.545,1.8581234013843514e-11,18827.4347295717,1.21863423537651,2.22044604925031e-16,0.0010001,7.0,0.001,2220000000.0,3141592.653589793,45.0,1.823142881860567e-05,9.659384446620077e-09,1.2591082491049487e-09,0.0056668312089938715,1478876215.753876,45038663.80946874,1479561875.2726252,-7.907110365964766e-08,4.1002349140375056e-07,4.1757813991740067e-07,2.1891033427602473e+18,1.7437150293687624e-13,1.4114610550198504e+27,9.1701331320702,0.2,full_path,1.0
0.545,1.8581234013843514e-11,18827.4347295717,1.21863423537651,0.0,0.0010001,7.0,0.001,2220000000.0,3141592.653589793,45.0,1.823142881860567e-05,9.659384446620077e-09,1.2591082491049487e-09,0.0056668312089938715,1478876215.753876,45038663.80946874,1479561875.2726252,-7.907110365964766e-08,4.1002349140375056e-07,4.1757813991740067e-07,2.1891033427602473e+18,1.7437150293687624e-13,1.4114610550198504e+27,9.1701331320702,0.2,porosity,1.0
0.545,1.8581234013843514e-11,18827.4347295717,1.21863423537651,0.0,0.0010001,7.0,0.001,2220000000.0,3141592.653589793,45.0,1.823142881860567e-05,9.659384446620077e-09,1.2591082491049487e-09,0.0056668312089938715,1478876215.753876,45038663.80946874,1479561875.2726252,-7.907110365964766e-08,4.1002349140375056e-07,4.1757813991740067e-07,2.1891033427602473e+18,1.7437150293687624e-13,1.4114610550198504e+27,9.1701331320702,0.2,permeability,1.0
0.545,1.8581234013843514e-11,18827.4347295717,1.21863423537651,0.0,0.0010001,7.0,0.001,2220000000.0,3141592.653589793,45.0,1.823142881860567e-05,9.659384446620077e-09,1.2591082491049487e-09,0.0056668312089938715,1478876215.753876,45038663.80946874,1479561875.2726252,-7.907110365964766e-08,4.1002349140375056e-07,4.1757813991740067e-07,2.1891033427602473e+18,1.7437150293687624e-13,1.4114610550198504e+27,9.1701331320702,0.2,tortuosity,1.0
0.545,1.8581234013843514e-11,18827.4347295717,1.21863423537651,2.22044604925031e-16,0.0010001,7.0,0.001,2220000000.0,3141592.653589793,45.0,1.823142881860567e-05,9.659384446620077e-09,1.2591082491049487e-09,0.0056668312089938715,1478876215.753876,45038663.80946874,1479561875.2726252,-7.907110365964766e-08,4.1002349140375056e-07,4.1757813991740067e-07,2.1891033427602473e+18,1.7437150293687624e-13,1.4114610550198504e+27,9.1701331320702,0.2,fluid_chemistry,1.0
0.545,1.8581234013843514e-11,18827.4347295717,1.21863398459518,2.22044604925031e-16,0.0010001,7.0,0.001,2220000000.0,3141592.653589793,45.0,1.8231426942693248e-05,9.659384446620077e-09,1.2591086377804992e-09,0.005666832376516574,1478876513.9364321,45038793.11487565,1479562177.2531288,-8.119161365733584e-08,4.094664264669796e-07,4.1743841765213764e-07,2.1891042363580188e+18,1.742548325319205e-13,1.411933506656363e+27,9.170133220710259,0.4,full_path,1.000000204101301
0.545,1.8581234013843514e-11,18827.4347295717,1.21863423537651,0.0,0.0010001,7.0,0.001,2220000000.0,3141592.653589793,45.0,1.823142881860567e-05,9.659384446620077e-09,1.2591082491049487e-09,0.0056668312089938715,1478876215.753876,45038663.80946874,1479561875.2726252,-7.907110365964766e-08,4.1002349140375056e-07,4.1757813991740067e-07,2.1891033427602473e+18,1.7437150293687624e-13,1.4114610550198504e+27,9.1701331320702,0.4,porosity,1.0
0.545,1.8581234013843514e-11,18827.4347295717,1.21863423537651,0.0,0.0010001,7.0,0.001,2220000000.0,3141592.653589793,45.0,1.823142881860567e-05,9.659384446620077e-09,1.2591082491049487e-09,0.0056668312089938715,1478876215.753876,45038663.80946874,1479561875.2726252,-7.907110365964766e-08,4.1002349140375056e-07,4.1757813991740067e-07,2.1891033427602473e+18,1.7437150293687624e-13,1.4114610550198504e+27,9.1701331320702,0.4,permeability,1.0
0.545,1.8581234013843514e-11,18827.4347295717,1.21863398459518,0.0,0.0010001,7.0,0.001,2220000000.0,3141592.653589793,45.0,1.8231426942693248e-05,9.659384446620077e-09,1.2591086377804992e-09,0.005666832376516574,1478876513.9364321,45038793.11487565,1479562177.2531288,-8.119161365733584e-08,4.094664264669796e-07,4.1743841765213764e-07,2.1891042363580188e+18,1.742548325319205e-13,1.411933506656363e+27,9.170133220710259,0.4,tortuosity,1.000000204101301
0.545,1.8581234013843514e-11,18827.4347295717,1.21863423537651,2.22044604925031e-16,0.0010001,7.0,0.001,2220000000.0,3141592.653589793,45.0,1.823142881860567e-05,9.659384446620077e-09,1.2591082491049487e-09,0.0056668312089938715,1478876215.753876,45038663.80946874,1479561875.2726252,-7.907110365964766e-08,4.1002349140375056e-07,4.1757813991740067e-07,2.1891033427602473e+18,1.7437150293687624e-13,1.4114610550198504e+27,9.1701331320702,0.4,fluid_chemistry,1.0
0.545,1.8581234013843514e-11,18827.4347295717,1.21863398459518,2.22044604925031e-16,0.0010001,7.0,0.001,2220000000.0,3141592.653589793,45.0,1.8231426942693248e-05,9.659384446620077e-09,1.2591086377804992e-09,0.005666832376516574,1478876513.9364321,45038793.11487565,1479562177.2531288,-8.119161365733584e-08,4.094664264669796e-07,4.1743841765213764e-07,2.1891042363580188e+18,1.742548325319205e-13,1.411933506656363e+27,9.170133220710259,0.8,full_path,1.000000204101301
0.545,1.8581234013843514e-11,18827.4347295717,1.21863423537651,0.0,0.0010001,7.0,0.001,2220000000.0,3141592.653589793,45.0,1.823142881860567e-05,9.659384446620077e-09,1.2591082491049487e-09,0.0056668312089938715,1478876215.753876,45038663.80946874,1479561875.2726252,-7.907110365964766e-08,4.1002349140375056e-07,4.1757813991740067e-07,2.1891033427602473e+18,1.7437150293687624e-13,1.4114610550198504e+27,9.1701331320702,0.8,porosity,1.0
0.545,1.8581234013843514e-11,18827.4347295717,1.21863423537651,0.0,0.0010001,7.0,0.001,2220000000.0,3141592.653589793,45.0,1.823142881860567e-05,9.659384446620077e-09,1.2591082491049487e-09,0.0056668312089938715,1478876215.753876,45038663.80946874,1479561875.2726252,-7.907110365964766e-08,4.1002349140375056e-07,4.1757813991740067e-07,2.1891033427602473e+18,1.7437150293687624e-13,1.4114610550198504e+27,9.1701331320702,0.8,permeability,1.0
0.545,1.8581234013843514e-11,18827.4347295717,1.21863398459518,0.0,0.0010001,7.0,0.001,2220000000.0,3141592.653589793,45.0,1.8231426942693248e-05,9.659384446620077e-09,1.2591086377804992e-09,0.005666832376516574,1478876513.9364321,45038793.11487565,1479562177.2531288,-8.119161365733584e-08,4.094664264669796e-07,4.1743841765213764e-07,2.1891042363580188e+18,1.742548325319205e-13,1.411933506656363e+27,9.170133220710259,0.8,tortuosity,1.000000204101301
0.545,1.8581234013843514e-11,18827.4347295717,1.21863423537651,2.22044604925031e-16,0.0010001,7.0,0.001,2220000000.0,3141592.653589793,45.0,1.823142881860567e-05,9.659384446620077e-09,1.2591082491049487e-09,0.0056668312089938715,1478876215.753876,45038663.80946874,1479561875.2726252,-7.907110365964766e-08,4.1002349140375056e-07,4.1757813991740067e-07,2.1891033427602473e+18,1.7437150293687624e-13,1.4114610550198504e+27,9.1701331320702,0.8,fluid_chemistry,1.0
0.545,1.8581234013843514e-11,18827.4347295717,1.2186338597214,2.22044604925031e-16,0.0010001,7.0,0.001,2220000000.0,3141592.653589793,45.0,1.8231426008603403e-05,9.659384446620077e-09,1.2591088313172497e-09,0.0056668329578717265,1478876675.9152277,45038850.5625777,1479562340.9056044,-7.877485907456174e-08,4.101139170970552e-07,4.1761094743661514e-07,2.1891047206260718e+18,1.7439890341890733e-13,1.4113500901444743e+27,9.170133268747012,1.6,full_path,1.0000003147100416
0.545,1.8581234013843514e-11,18827.4347295717,1.21863423537651,0.0,0.0010001,7.0,0.001,2220000000.0,3141592.653589793,45.0,1.823142881860567e-05,9.659384446620077e-09,1.2591082491049487e-09,0.0056668312089938715,1478876215.753876,45038663.80946874,1479561875.2726252,-7.907110365964766e-08,4.1002349140375056e-07,4.1757813991740067e-07,2.1891033427602473e+18,1.7437150293687624e-13,1.4114610550198504e+27,9.1701331320702,1.6,porosity,1.0
0.545,1.8581234013843514e-11,18827.4347295717,1.21863423537651,0.0,0.0010001,7.0,0.001,2220000000.0,3141592.653589793,45.0,1.823142881860567e-05,9.659384446620077e-09,1.2591082491049487e-09,0.0056668312089938715,1478876215.753876,45038663.80946874,1479561875.2726252,-7.907110365964766e-08,4.1002349140375056e-07,4.1757813991740067e-07,2.1891033427602473e+18,1.7437150293687624e-13,1.4114610550198504e+27,9.1701331320702,1.6,permeability,1.0
0.545,1.8581234013843514e-11,18827.4347295717,1.2186338597214,0.0,0.0010001,7.0,0.001,2220000000.0,3141592.653589793,45.0,1.8231426008603403e-05,9.659384446620077e-09,1.2591088313172497e-09,0.0056668329578717265,1478876675.9152277,45038850.5625777,1479562340.9056044,-7.877485907456174e-08,4.101139170970552e-07,4.1761094743661514e-07,2.1891047206260718e+18,1.7439890341890733e-13,1.4113500901444743e+27,9.170133268747012,1.6,tortuosity,1.0000003147100416
0.545,1.8581234013843514e-11,18827.4347295717,1.21863423537651,2.22044604925031e-16,0.0010001,7.0,0.001,2220000000.0,3141592.653589793,45.0,1.823142881860567e-05,9.659384446620077e-09,1.2591082491049487e-09,0.0056668312089938715,1478876215.753876,45038663.80946874,1479561875.2726252,-7.907110365964766e-08,4.1002349140375056e-07,4.1757813991740067e-07,2.1891033427602473e+18,1.7437150293687624e-13,1.4114610550198504e+27,9.1701331320702,1.6,fluid_chemistry,1.0
0.5451,1.8587533991179785e-11,18833.8181813924,1.21871261371758,2.22044604925031e-16,0.0010001,7.0,0.001,2220000000.0,3141592.653589793,45.0,1.8233432910431657e-05,9.659384446620077e-09,1.2591198676372764e-09,0.005667505035909532,1478720744.779042,45130291.203067,1479409268.669072,-7.938448946505016e-08,4.0996745454092984e-07,4.1758257979757257e-07,2.1886517842239583e+18,1.7437521095039607e-13,1.411177861125755e+27,9.170088335279248,3.2,full_path,0.9998968568965558
0.5451,1.8581234013843514e-11,18827.4347295717,1.21863423537651,0.0,0.0010001,7.0,0.001,2220000000.0,3141592.653589793,45.0,1.822975644059742e-05,9.659384446620077e-09,1.259454817299881e-09,0.00566787220001894,1479063417.9536235,45174990.82378203,1479753146.3472495,-7.918706083817912e-08,4.101821909326491e-07,4.177559339644354e-07,2.1896693741245844e+18,1.745200203624977e-13,1.410812234820662e+27,9.170189272070008,3.2,porosity,1.0001292754820335
0.545,1.8587533991179785e-11,18833.8181813924,1.21863423537651,0.0,0.0010001,7.0,0.001,2220000000.0,3141592.653589793,45.0,1.823451924452404e-05,9.659384446620077e-09,1.258894836558963e-09,0.005666828982346025,1478629309.2841227,45033074.76097979,1479314913.0920265,-8.022451882281338e-08,4.095564550588967e-07,4.173397456518634e-07,2.1883726120964698e+18,1.7417246330076204e-13,1.4120304404406176e+27,9.170060635430296,3.2,permeability,0.9998330842496511
0.545,1.8581234013843514e-11,18827.4347295717,1.21871261371758,0.0,0.0010001,7.0,0.001,2220000000.0,3141592.653589793,45.0,1.823201510041572e-05,9.659384446620077e-09,1.2589867835717243e-09,0.00566646633899523,1478780455.46515,44999588.47659885,1479464970.3283887,-7.955833070660396e-08,4.0979630515654764e-07,4.174476490588726e-07,2.18881659842878e+18,1.7426253970477968e-13,1.4119190987816927e+27,9.170104686716533,3.2,tortuosity,0.9999345042976194
0.545,1.8581234013843514e-11,18827.4347295717,1.21863423537651,2.22044604925031e-16,0.0010001,7.0,0.001,2220000000.0,3141592.653589793,45.0,1.823142881860567e-05,9.659384446620077e-09,1.2591082491049487e-09,0.0056668312089938715,1478876215.753876,45038663.80946874,1479561875.2726252,-7.907110365964766e-08,4.1002349140375056e-07,4.1757813991740067e-07,2.1891033427602473e+18,1.7437150293687624e-13,1.4114610550198504e+27,9.1701331320702,3.2,fluid_chemistry,1.0
0.54545,1.8676028302035464e-11,18923.4850388429,1.21822216091196,2.22044604925031e-16,0.0010001,7.0,0.001,2220000000.0,3141592.653589793,45.0,1.8267244006151798e-05,9.659384446620077e-09,1.2581024381733699e-09,0.005673402894087003,1476515977.640348,45772394.04358683,1477225285.5552242,-8.016048276820107e-08,4.0890939990182557e-07,4.166924529262585e-07,2.1821945442837135e+18,1.7363260032570214e-13,1.4105983868598253e+27,9.169446732828874,6.4,full_path,0.9984207556598669
0.54545,1.8581234013843514e-11,18827.4347295717,1.21863423537651,0.0,0.0010001,7.0,0.001,2220000000.0,3141592.653589793,45.0,1.8223906739785132e-05,9.659384446620077e-09,1.260668056345389e-09,0.005671515671218682,1479717793.4010773,45652153.52287164,1480421854.4823732,-8.050706202973129e-08,4.1067058311023404e-07,4.184874130350382e-07,2.191648867229029e+18,1.7513171486875864e-13,1.4081784934861128e+27,9.170385487670739,6.4,porosity,1.0005812390979523
0.545,1.8676028302035464e-11,18923.4850388429,1.21863423537651,0.0,0.0010001,7.0,0.001,2220000000.0,3141592.653589793,45.0,1.8277874515469373e-05,9.659384446620077e-09,1.2559085022824326e-09,0.0056667978243068766,1475174229.8627505,44954780.05272513,1475859051.773152,-7.898737835492185e-08,4.0784876307481503e-07,4.154270326796755e-07,2.1781599407007478e+18,1.7257961948104017e-13,1.4152007303024497e+27,9.169044883259339,6.4,permeability,0.9974973513704584
0.545,1.8581234013843514e-11,18827.4347295717,1.21822216091196,0.0,0.0010001,7.0,0.001,2220000000.0,3141592.653589793,45.0,1.8228346129291362e-05,9.659384446620077e-09,1.2597471760705196e-09,0.0056687502875528975,1479379819.5462866,45244271.44869251,1480071516.7111778,-8.016797925041504e-08,4.1001091933189245e-07,4.1777489018426965e-07,2.1906116945797263e+18,1.7453585886847856e-13,1.4107078699851956e+27,9.170282700910246,6.4,tortuosity,1.0003444542922266
0.545,1.8581234013843514e-11,18827.4347295717,1.21863423537651,2.22044604925031e-16,0.0010001,7.0,0.001,2220000000.0,3141592.653589793,45.0,1.823142881860567e-05,9.659384446620077e-09,1.2591082491049487e-09,0.0056668312089938715,1478876215.753876,45038663.80946874,1479561875.2726252,-7.907110365964766e-08,4.1002349140375056e-07,4.1757813991740067e-07,2.1891033427602473e+18,1.7437150293687624e-13,1.4114610550198504e+27,9.1701331320702,6.4,fluid_chemistry,1.0
0.54565,1.8726440625466387e-11,18974.5653238366,1.21910831589282,2.22044604925031e-16,0.0010001,7.0,0.001,2220000000.0,3141592.653589793,45.0,1.8295179698464032e-05,9.659384446620077e-09,1.2557284091113552e-09,0.00567133768194813,1473850337.0560129,45557353.89597202,1474554267.7480967,-8.051737849145364e-08,4.0744545293124584e-07,4.1532498763436333e-07,2.1743102885341256e+18,1.7249484535348406e-13,1.4134504244043243e+27,9.168660760441462,12.8,full_path,0.996615479481988
0.54565,1.8581234013843514e-11,18827.4347295717,1.21863423537651,0.0,0.0010001,7.0,0.001,2220000000.0,3141592.653589793,45.0,1.8220566580897147e-05,9.659384446620077e-09,1.261361510622112e-09,0.005673597656585284,1480091144.9097703,45924827.22150747,1480803459.9485645,-8.075966409548866e-08,4.110642679319818e-07,4.189223743311788e-07,2.19277888699564e+18,1.7549595571527229e-13,1.4066211573028926e+27,9.170497420490129,12.8,porosity,1.0008391569806505
0.545,1.8726440625466387e-11,18974.5653238366,1.21863423537651,0.0,0.0010001,7.0,0.001,2220000000.0,3141592.653589793,45.0,1.830252668291782e-05,9.659384446620077e-09,1.25421675794415e-09,0.005666780173417556,1473216835.4769697,44910386.17450072,1473901213.487227,-7.95686574387581e-08,4.0654928793282204e-07,4.1426259155913543e-07,2.1723847871191201e+18,1.7161349476529106e-13,1.4172863168862912e+27,9.168468376416456,12.8,permeability,0.9961740959401545
0.545,1.8581234013843514e-11,18827.4347295717,1.21910831589282,0.0,0.0010001,7.0,0.001,2220000000.0,3141592.653589793,45.0,1.8234974724545196e-05,9.659384446620077e-09,1.2583738487708942e-09,0.0056646249673134325,1478297155.627193,44802458.53388498,1478975909.4137166,-7.960879825932854e-08,4.095196485269402e-07,4.1718569401397635e-07,2.18736974062613e+18,1.7404390328992311e-13,1.4128906579962124e+27,9.169961099964507,12.8,tortuosity,0.9996039598825154
0.545,1.8581234013843514e-11,18827.4347295717,1.21863423537651,2.22044604925031e-16,0.0010001,7.0,0.001,2220000000.0,3141592.653589793,45.0,1.823142881860567e-05,9.659384446620077e-09,1.2591082491049487e-09,0.0056668312089938715,1478876215.753876,45038663.80946874,1479561875.2726252,-7.907110365964766e-08,4.1002349140375056e-07,4.1757813991740067e-07,2.1891033427602473e+18,1.7437150293687624e-13,1.4114610550198504e+27,9.1701331320702,12.8,fluid_chemistry,1.0
0.5465,1.8834232195305457e-11,19083.7851282926,1.22071961746299,2.22044604925031e-16,0.0010001,7.0,0.001,2220000000.0,3141592.653589793,45.0,1.8345596297331538e-05,9.659384446620077e-09,1.252572445208315e-09,0.005672638731367909,1469309408.9773614,45811570.91158105,1470023414.5546083,-8.002717987938809e-08,4.0583875928915745e-07,4.136537780086272e-07,2.16096883933879e+18,1.711094480608106e-13,1.415077534858022e+27,9.167324252252175,25.6,full_path,0.9935531856575722
0.5465,1.8581234013843514e-11,18827.4347295717,1.21863423537651,0.0,0.0010001,7.0,0.001,2220000000.0,3141592.653589793,45.0,1.820639136735288e-05,9.659384446620077e-09,1.2643101091352987e-09,0.005682446109185416,1481673184.3103337,47083764.90125124,1482421096.0525355,-8.271841295331041e-08,4.1252481459343836e-07,4.207363289482679e-07,2.1975723060216008e+18,1.770190584968651e-13,1.4001575925363472e+27,9.17097158671695,25.6,porosity,1.0019324780042629
0.545,1.8834232195305457e-11,19083.7851282926,1.21863423537651,0.0,0.0010001,7.0,0.001,2220000000.0,3141592.653589793,45.0,1.8355126834328586e-05,9.659384446620077e-09,1.2506222889869493e-09,0.0056667426703511945,1469057698.3134186,44815954.169433676,1469741130.5131376,-7.84190613428421e-08,4.044736666574662e-07,4.1200545651875477e-07,2.1601389907220357e+18,1.6974849620122754e-13,1.42100778863795e+27,9.16724084802028,25.6,permeability,0.993362396717827
0.545,1.8581234013843514e-11,18827.4347295717,1.22071961746299,0.0,0.0010001,7.0,0.001,2220000000.0,3141592.653589793,45.0,1.8247021374065553e-05,9.659384446620077e-09,1.2558831029129663e-09,0.005657139229456052,1476331690.1153073,44002331.538175516,1476987293.2491717,-7.950656031631981e-08,4.082951319179481e-07,4.159641906236969e-07,2.181491464419515e+18,1.7302620788122726e-13,1.417386374019803e+27,9.169376759025216,25.6,tortuosity,0.9982599024302522
0.545,1.8581234013843514e-11,18827.4347295717,1.21863423537651,2.22044604925031e-16,0.0010001,7.0,0.001,2220000000.0,3141592.653589793,45.0,1.823142881860567e-05,9.659384446620077e-09,1.2591082491049487e-09,0.0056668312089938715,1478876215.753876,45038663.80946874,1479561875.2726252,-7.907110365964766e-08,4.1002349140375056e-07,4.1757813991740067e-07,2.1891033427602473e+18,1.7437150293687624e-13,1.4114610550198504e+27,9.1701331320702,25.6,fluid_chemistry,1.0
0.5486,1.915401670252651e-11,19407.8067693067,1.22119785160067,2.22044604925031e-16,0.0010001,7.0,0.001,2220000000.0,3141592.653589793,45.0,1.8468857845640457e-05,9.659384446620077e-09,1.2485040634015566e-09,0.005692119080215671,1460419928.9506469,48105165.353769794,1461211988.6621263,-8.194018985845897e-08,4.0260710065015337e-07,4.108608915532884e-07,2.135140475809926e+18,1.68806672207963e-13,1.4120068494825137e+27,9.16471322676767,51.2,full_path,0.9875977565270004
0.5486,1.8581234013843514e-11,18827.4347295717,1.21863423537651,0.0,0.0010001,7.0,0.001,2220000000.0,3141592.653589793,45.0,1.8171511599997195e-05,9.659384446620077e-09,1.2716047139453812e-09,0.0057043070946556805,1485549110.4496593,49947340.35001313,1486388541.521299,-8.36906171305836e-08,4.170953197625603e-07,4.2540877419669e-07,2.209350896365814e+18,1.8097262516353037e-13,1.3838307231705324e+27,9.172132348712772,51.2,porosity,1.0046139782071741
0.545,1.915401670252651e-11,19407.8067693067,1.21863423537651,0.0,0.0010001,7.0,0.001,2220000000.0,3141592.653589793,45.0,1.8510295869907642e-05,9.659384446620077e-09,1.240137733807164e-09,0.005666633279114408,1456924149.7134812,44539707.907851875,1457604803.6415312,-7.751233393912404e-08,3.976700261107953e-07,4.0515381224869513e-07,2.1246117635988667e+18,1.641496115796509e-13,1.4330454061053389e+27,9.163639790880001,51.2,permeability,0.9851597476266086
0.545,1.8581234013843514e-11,18827.4347295717,1.22119785160067,0.0,0.0010001,7.0,0.001,2220000000.0,3141592.653589793,45.0,1.82505952881352e-05,9.659384446620077e-09,1.2551454306899175e-09,0.005654921268101107,1475749126.985969,43765649.07092281,1476397953.7504272,-7.825136896211741e-08,4.082776175928278e-07,4.1570890027965575e-07,2.1797509178384486e+18,1.7281388977172076e-13,1.418359501294572e+27,9.16920343460306,51.2,tortuosity,0.9978615821513953
0.545,1.8581234013843514e-11,18827.4347295717,1.21863423537651,2.22044604925031e-16,0.0010001,7.0,0.001,2220000000.0,3141592.653589793,45.0,1.823142881860567e-05,9.659384446620077e-09,1.2591082491049487e-09,0.0056668312089938715,1478876215.753876,45038663.80946874,1479561875.2726252,-7.907110365964766e-08,4.1002349140375056e-07,4.1757813991740067e-07,2.1891033427602473e+18,1.7437150293687624e-13,1.4114610550198504e+27,9.1701331320702,51.2,fluid_chemistry,1.0
0.5527,1.9543555992530635e-11,19802.5074415921,1.22660304735036,2.22044604925031e-16,0.0010001,7.0,0.001,2220000000.0,3141592.653589793,45.0,1.862747866101359e-05,9.659384446620077e-09,1.2416274473109072e-09,0.00570927768650223,1446876916.0744033,50505545.48351238,1447758136.0135963,-8.1050234837402e-08,3.9961018929340503e-07,4.077467890177788e-07,2.096003620393563e+18,1.66257443954309e-13,1.40805709216808e+27,9.160696014231128,102.4,full_path,0.9785046237061436
0.5527,1.8581234013843514e-11,18827.4347295717,1.21863423537651,0.0,0.0010001,7.0,0.001,2220000000.0,3141592.653589793,45.0,1.8103986829768637e-05,9.659384446620077e-09,1.2858868189110782e-09,0.005746988486287703,1492982141.242505,55537838.601387545,1494014767.5259335,-9.101457297669533e-08,4.24820367956307e-07,4.3446058224499754e-07,2.232080125585569e+18,1.8875599752466228e-13,1.353298434967321e+27,9.174354890266079,102.4,porosity,1.009768359468336
0.545,1.9543555992530635e-11,19802.5074415921,1.21863423537651,0.0,0.0010001,7.0,0.001,2220000000.0,3141592.653589793,45.0,1.869757239347155e-05,9.659384446620077e-09,1.2277155007943785e-09,0.005666503670766086,1442544455.8869598,44210837.5453666,1443221779.6883013,-7.478469482955612e-08,3.9012206741998184e-07,3.9722534922735066e-07,2.0828891053666678e+18,1.577879780687907e-13,1.4471521185708217e+27,9.1593330741939,102.4,permeability,0.9754386104483614
0.545,1.8581234013843514e-11,18827.4347295717,1.22660304735036,0.0,0.0010001,7.0,0.001,2220000000.0,3141592.653589793,45.0,1.8290940561952788e-05,9.659384446620077e-09,1.2468579120975267e-09,0.005629973315913356,1469189516.1881669,41115752.89587772,1469764722.536711,-7.666360878657826e-08,4.0459656905750137e-07,4.117956927959337e-07,2.160208339613415e+18,1.69575692605283e-13,1.4330051534019827e+27,9.167247819182215,102.4,tortuosity,0.9933783419945793
0.545,1.8581234013843514e-11,18827.4347295717,1.21863423537651,2.22044604925031e-16,0.0010001,7.0,0.001,2220000000.0,3141592.653589793,45.0,1.823142881860567e-05,9.659384446620077e-09,1.2591082491049487e-09,0.0056668312089938715,1478876215.753876,45038663.80946874,1479561875.2726252,-7.907110365964766e-08,4.1002349140375056e-07,4.1757813991740067e-07,2.1891033427602473e+18,1.7437150293687624e-13,1.4114610550198504e+27,9.1701331320702,102.4,fluid_chemistry,1.0
0.56015,2.0245134156068977e-11,20513.3814918231,1.2301251315222,2.22044604925031e-16,0.0010001,7.0,0.001,2220000000.0,3141592.653589793,45.0,1.8859396814894152e-05,9.659384446620077e-09,1.239329580942726e-09,0.005769506556925589,1430432643.1292686,57721680.88755521,1431596779.4648988,-8.743642442927048e-08,3.9727990341719384e-07,4.0678796685269635e-07,2.0494693389742702e+18,1.654764499761504e-13,1.384906156113379e+27,9.155820712725653,204.8,full_path,0.9675815546417156
0.56015,1.8581234013843514e-11,18827.4347295717,1.21863423537651,0.0,0.0010001,7.0,0.001,2220000000.0,3141592.653589793,45.0,1.7983192249886573e-05,9.659384446620077e-09,1.3119741613846008e-09,0.005824545113778359,1506032560.468088,65684408.787086606,1507464266.4911742,-9.936613679390722e-08,4.40752093213539e-07,4.518141618115369e-07,2.272448514747774e+18,2.0413603681346164e-13,1.2987354231110185e+27,9.178247026251901,204.8,porosity,1.0188585497402112
0.545,2.0245134156068977e-11,20513.3814918231,1.21863423537651,0.0,0.0010001,7.0,0.001,2220000000.0,3141592.653589793,45.0,1.9030217817986594e-05,9.659384446620077e-09,1.2062536913377381e-09,0.005666279746689674,1417691216.398884,43638594.80347241,1418362687.0483336,-7.3450693632544e-08,3.764358182145634e-07,3.835347828163303e-07,2.0117527120109693e+18,1.4709892962996966e-13,1.4728633261943484e+27,9.151787297732342,204.8,permeability,0.9586369524336285
0.545,1.8581234013843514e-11,18827.4347295717,1.2301251315222,0.0,0.0010001,7.0,0.001,2220000000.0,3141592.653589793,45.0,1.8317182161851325e-05,9.659384446620077e-09,1.241506623196202e-09,0.005613835037333224,1464939621.7546616,39413657.94063562,1465469730.77541,-7.568444615065818e-08,4.0223826945531234e-07,4.092966660058891e-07,2.1476015318189524e+18,1.6752376080353635e-13,1.442514602896801e+27,9.165976852530187,204.8,tortuosity,0.9904754611937951
0.545,1.8581234013843514e-11,18827.4347295717,1.21863423537651,2.22044604925031e-16,0.0010001,7.0,0.001,2220000000.0,3141592.653589793,45.0,1.823142881860567e-05,9.659384446620077e-09,1.2591082491049487e-09,0.0056668312089938715,1478876215.753876,45038663.80946874,1479561875.2726252,-7.907110365964766e-08,4.1002349140375056e-07,4.1757813991740067e-07,2.1891033427602473e+18,1.7437150293687624e-13,1.4114610550198504e+27,9.1701331320702,204.8,fluid_chemistry,1.0
0.5718,2.114990881816622e-11,21430.1443872753,1.2319199734279,2.22044604925031e-16,0.0010001,7.0,0.001,2220000000.0,3141592.653589793,45.0,1.9092746923624726e-05,9.659384446620077e-09,1.2478213879254942e-09,0.00588075896678847,1416037080.976456,70463937.47295158,1417789187.8500533,-9.761979603510753e-08,4.0119396111221e-07,4.1289976872219416e-07,2.0101261811845138e+18,1.7048621901084144e-13,1.3324725847645627e+27,9.151611660071476,409.6,full_path,0.9582493382298124
0.5718,1.8581234013843514e-11,18827.4347295717,1.21863423537651,0.0,0.0010001,7.0,0.001,2220000000.0,3141592.653589793,45.0,1.7799052407195293e-05,9.659384446620077e-09,1.3531169888349682e-09,0.005945828576770513,1525253565.9941342,81473529.19148488,1527428026.6306293,-1.1616716638463319e-07,4.6620687246597916e-07,4.804619219879395e-07,2.3330363765367383e+18,2.3084365848034484e-13,1.218534632084204e+27,9.183960755167561,409.6,porosity,1.032351571203593
0.545,2.114990881816622e-11,21430.1443872753,1.21863423537651,0.0,0.0010001,7.0,0.001,2220000000.0,3141592.653589793,45.0,1.9450809454030732e-05,9.659384446620077e-09,1.1801686608904613e-09,0.005666007584737298,1387467905.5767825,42936013.912786596,1388132086.761322,-6.820159727655385e-08,3.6101890549316226e-07,3.674045563061978e-07,1.9269106902963425e+18,1.3498610799455407e-13,1.5045943728302118e+27,9.142430793080107,409.6,permeability,0.9382048226307154
0.545,1.8581234013843514e-11,18827.4347295717,1.2319199734279,0.0,0.0010001,7.0,0.001,2220000000.0,3141592.653589793,45.0,1.8330540340526187e-05,9.659384446620077e-09,1.2387943301901033e-09,0.0056056465516036895,1462781260.5359478,38553654.3759445,1463289240.1848912,-7.650063990279948e-08,4.006972931921986e-07,4.07934637751065e-07,2.1412154004408763e+18,1.664106686770926e-13,1.4477179257954708e+27,9.1653301791674,409.6,tortuosity,0.9890017204689493
0.545,1.8581234013843514e-11,18827.4347295717,1.21863423537651,2.22044604925031e-16,0.0010001,7.0,0.001,2220000000.0,3141592.653589793,45.0,1.823142881860567e-05,9.659384446620077e-09,1.2591082491049487e-09,0.0056668312089938715,1478876215.753876,45038663.80946874,1479561875.2726252,-7.907110365964766e-08,4.1002349140375056e-07,4.1757813991740067e-07,2.1891033427602473e+18,1.7437150293687624e-13,1.4114610550198504e+27,9.1701331320702,409.6,fluid_chemistry,1.0
0.58865,2.250297834028139e-11,22801.1420343216,1.22062746622211,2.22044604925031e-16,0.0010001,7.0,0.001,2220000000.0,3141592.653589793,45.0,1.932092832708488e-05,9.659384446620077e-09,1.2811643618080217e-09,0.0061099038966607126,1408574836.9651008,94907672.95413193,1411768585.0438905,-1.188386075925105e-07,4.171912886239213e-07,4.337870283424975e-07,1.9930905377168287e+18,1.8817118595821473e-13,1.2264842309029093e+27,9.149763513659762,819.2,full_path,0.9541801587606851
0.58865,1.8581234013843514e-11,18827.4347295717,1.21863423537651,0.0,0.0010001,7.0,0.001,2220000000.0,3141592.653589793,45.0,1.754245548364444e-05,9.659384446620077e-09,1.4133682947211733e-09,0.006121254912796299,1550461441.3245559,103983400.76854324,1553944409.7745616,-1.4512211515746127e-07,5.056366542579304e-07,5.260502394609561e-07,2.414743228669611e+18,2.7672885443692927e-13,1.1116560233340993e+27,9.19143547845461,819.2,porosity,1.0502733516894862
0.545,2.250297834028139e-11,22801.1420343216,1.21863423537651,0.0,0.0010001,7.0,0.001,2220000000.0,3141592.653589793,45.0,2.0063349141296133e-05,9.659384446620077e-09,1.1441354308174524e-09,0.005665631624999196,1345688606.018765,41952419.27636922,1346342389.5324202,-6.550092320858105e-08,3.392306869529289e-07,3.4549649768374274e-07,1.812637829851867e+18,1.1936782991173245e-13,1.5516008322967996e+27,9.129155519750695,819.2,permeability,0.9099601794513271
0.545,1.8581234013843514e-11,18827.4347295717,1.22062746622211,0.0,0.0010001,7.0,0.001,2220000000.0,3141592.653589793,45.0,1.824633263384517e-05,9.659384446620077e-09,1.256025328476601e-09,0.0056575668097268725,1476443992.5273578,44047976.49982917,1477100906.2700672,-7.800578975171766e-08,4.0878781622367383e-07,4.161638883032853e-07,2.1818270873038538e+18,1.7319238192770932e-13,1.4166864522998414e+27,9.169410164600635,819.2,tortuosity,0.9983366907165646
0.545,1.8581234013843514e-11,18827.4347295717,1.21863423537651,2.22044604925031e-16,0.0010001,7.0,0.001,2220000000.0,3141592.653589793,45.0,1.823142881860567e-05,9.659384446620077e-09,1.2591082491049487e-09,0.0056668312089938715,1478876215.753876,45038663.80946874,1479561875.2726252,-7.907110365964766e-08,4.1002349140375056e-07,4.1757813991740067e-07,2.1891033427602473e+18,1.7437150293687624e-13,1.4114610550198504e+27,9.1701331320702,819.2,fluid_chemistry,1.0
0.6039,2.412841554951475e-11,24448.1162310331,1.20379736595142,2.22044604925031e-16,0.0010001,7.0,0.001,2220000000.0,3141592.653589793,45.0,1.9615689346261996e-05,9.659384446620077e-09,1.3127029106333765e-09,0.006355617189818246,1395973528.8112414,119080995.0992215,1401043317.1517327,-1.3856237941615723e-07,4.3310609322911617e-07,4.547311524204769e-07,1.9629223765355305e+18,2.0678042098165498e-13,1.1295011504044644e+27,9.14645156291543,1269.2,full_path,0.9469312102230096
0.6039,1.8581234013843514e-11,18827.4347295717,1.21863423537651,0.0,0.0010001,7.0,0.001,2220000000.0,3141592.653589793,45.0,1.7319543563100636e-05,9.659384446620077e-09,1.4686476629907654e-09,0.006280031371965515,1570578284.8107505,123821146.7476479,1575451625.7571926,-1.7488576864282188e-07,5.448937244913026e-07,5.722710922838879e-07,2.482047825100981e+18,3.274942030637942e-13,1.0234561579624335e+27,9.197405072702496,1269.2,porosity,1.0648095575366854
0.545,2.412841554951475e-11,24448.1162310331,1.21863423537651,0.0,0.0010001,7.0,0.001,2220000000.0,3141592.653589793,45.0,2.077532524932193e-05,9.659384446620077e-09,1.1049231829074255e-09,0.00566522249401452,1300184220.5986087,40864274.967074335,1300826236.07544,-5.94682129760079e-08,3.1701510427899994e-07,3.225446398494091e-07,1.6921488964621962e+18,1.0403504469558503e-13,1.6055581789208935e+27,9.114219287527273,1269.2,permeability,0.8791969148541008
0.545,1.8581234013843514e-11,18827.4347295717,1.20379736595142,0.0,0.0010001,7.0,0.001,2220000000.0,3141592.653589793,45.0,1.812010513447101e-05,9.659384446620077e-09,1.2824582938171068e-09,0.0057367569283657376,1497177780.183555,52616501.77472589,1498102066.5276337,-8.390844206002781e-08,4.2030666827983424e-07,4.2860042236264266e-07,2.2443098017343665e+18,1.8369832204943568e-13,1.3720232067552417e+27,9.175541403096222,1269.2,tortuosity,1.0125308657683494
0.545,1.8581234013843514e-11,18827.4347295717,1.21863423537651,2.22044604925031e-16,0.0010001,7.0,0.001,2220000000.0,3141592.653589793,45.0,1.823142881860567e-05,9.659384446620077e-09,1.2591082491049487e-09,0.0056668312089938715,1478876215.753876,45038663.80946874,1479561875.2726252,-7.907110365964766e-08,4.1002349140375056e-07,4.1757813991740067e-07,2.1891033427602473e+18,1.7437150293687624e-13,1.4114610550198504e+27,9.1701331320702,1269.2,fluid_chemistry,1.0
0.6176,2.6253520019772498e-11,26601.378262903,1.19961590465876,2.22044604925031e-16,0.0010001,7.0,0.001,2220000000.0,3141592.653589793,45.0,2.0197900473470525e-05,9.659384446620077e-09,1.3083272777222317e-09,0.0065220508724624544,1356032469.1039891,132192612.38588738,1362460621.0946672,-1.5241142656546745e-07,4.300265867649511e-07,4.562368992885548e-07,1.8562989440336663e+18,2.081521082724349e-13,1.0836201097263161e+27,9.134323958810379,1719.2,full_path,0.9208541013829645
0.6176,1.8581234013843514e-11,18827.4347295717,1.21863423537651,0.0,0.0010001,7.0,0.001,2220000000.0,3141592.653589793,45.0,1.712636965696761e-05,9.659384446620077e-09,1.5189077884580147e-09,0.006422676148418787,1586394703.965968,141030739.98723403,1592651194.201862,-2.070380859373119e-07,5.829534707890542e-07,6.186271236646438e-07,2.5365378263926175e+18,3.826995181335905e-13,9.504695832984278e+26,9.202120671582398,1719.2,porosity,1.076434328850491
0.545,2.6253520019772498e-11,26601.378262903,1.21863423537651,0.0,0.0010001,7.0,0.001,2220000000.0,3141592.653589793,45.0,2.167091257977341e-05,9.659384446620077e-09,1.0592577341234587e-09,0.005664746028887518,1247139380.8482325,39572891.79502509,1247767065.2119062,-5.698233685403001e-08,2.909617645997364e-07,2.9648901357780283e-07,1.5569226490275333e+18,8.790573517233855e-14,1.675086335747791e+27,9.096133518250989,1719.2,permeability,0.8433355076697902
0.545,1.8581234013843514e-11,18827.4347295717,1.19961590465876,0.0,0.0010001,7.0,0.001,2220000000.0,3141592.653589793,45.0,1.8088607130108727e-05,9.659384446620077e-09,1.2891696386317093e-09,0.005756776734147935,1502399009.9073875,54818594.912037045,1503398770.5591714,-8.601726108796613e-08,4.230999013272461e-07,4.3175513396855017e-07,2.2602078633188283e+18,1.864124957082007e-13,1.3611069214174674e+27,9.17707419075537,1719.2,tortuosity,1.016110779606398
0.545,1.8581234013843514e-11,18827.4347295717,1.21863423537651,2.22044604925031e-16,0.0010001,7.0,0.001,2220000000.0,3141592.653589793,45.0,1.823142881860567e-05,9.659384446620077e-09,1.2591082491049487e-09,0.0056668312089938715,1478876215.753876,45038663.80946874,1479561875.2726252,-7.907110365964766e-08,4.1002349140375056e-07,4.1757813991740067e-07,2.1891033427602473e+18,1.7437150293687624e-13,1.4114610550198504e+27,9.1701331320702,1719.2,fluid_chemistry,1.0
0.63155,2.876106785967071e-11,29142.1510259923,1.20661132634772,2.22044604925031e-16,0.0010001,7.0,0.001,2220000000.0,3141592.653589793,45.0,2.0966566986488547e-05,9.659384446620077e-09,1.2813552889436475e-09,0.006630192279312014,1300360077.1613793,137187340.13502312,1307576650.3606858,-1.5853142544080718e-07,4.180272424461443e-07,4.4707827981173693e-07,1.7097566965684713e+18,1.9987898827942174e-13,1.065432532388152e+27,9.11646715670028,2169.2,full_path,0.8837593562078983
0.63155,1.8581234013843514e-11,18827.4347295717,1.21863423537651,0.0,0.0010001,7.0,0.001,2220000000.0,3141592.653589793,45.0,1.6936165445741785e-05,9.659384446620077e-09,1.5706611314855387e-09,0.00656792994159769,1600206892.2833996,157783983.0750029,1607967003.2144032,-2.3917478961198003e-07,6.279791417392175e-07,6.719839153175165e-07,2.5855578834263086e+18,4.515623824454592e-13,8.81026377924707e+26,9.20627713242926,2169.2,porosity,1.086785912835256
0.545,2.876106785967071e-11,29142.1510259923,1.21863423537651,0.0,0.0010001,7.0,0.001,2220000000.0,3141592.653589793,45.0,2.268223956704039e-05,9.659384446620077e-09,1.012026387686333e-09,0.005664253222111995,1192216630.363079,38208837.424285226,1192828742.51571,-5.22132770141283e-08,2.657711791206099e-07,2.708515201133518e-07,1.4228404089716104e+18,7.336054594771341e-14,1.7525513022112466e+27,9.076578095372483,2169.2,permeability,0.8062040273212085
0.545,1.8581234013843514e-11,18827.4347295717,1.20661132634772,0.0,0.0010001,7.0,0.001,2220000000.0,3141592.653589793,45.0,1.8141271277837435e-05,9.659384446620077e-09,1.2779745297813584e-09,0.005723362555940083,1493679850.5033634,51151257.01806909,1494555434.5337205,-8.296079059796739e-08,4.182884433903698e-07,4.264360616207058e-07,2.2336959468942781e+18,1.8184771465057838e-13,1.3795908776252392e+27,9.17451202808431,2169.2,tortuosity,1.0101337831906034
0.545,1.8581234013843514e-11,18827.4347295717,1.21863423537651,2.22044604925031e-16,0.0010001,7.0,0.001,2220000000.0,3141592.653589793,45.0,1.823142881860567e-05,9.659384446620077e-09,1.2591082491049487e-09,0.0056668312089938715,1478876215.753876,45038663.80946874,1479561875.2726252,-7.907110365964766e-08,4.1002349140375056e-07,4.1757813991740067e-07,2.1891033427602473e+18,1.7437150293687624e-13,1.4114610550198504e+27,9.1701331320702,2169.2,fluid_chemistry,1.0
0.64575,3.0727600115908216e-11,31134.7397674249,1.20564024916211,2.22044604925031e-16,0.0010001,7.0,0.001,2220000000.0,3141592.653589793,45.0,2.1423280605083147e-05,9.659384446620077e-09,1.2832660399478959e-09,0.006784436586877359,1267779841.2196295,146773477.56952104,1276247695.2068198,-1.7197797660345107e-07,4.250363353571828e-07,4.5851097130873617e-07,1.6288081795207196e+18,2.102323108104807e-13,1.0163967672619491e+27,9.105934970797326,2619.2,full_path,0.862584874979735
0.64575,1.8581234013843514e-11,18827.4347295717,1.21863423537651,0.0,0.0010001,7.0,0.001,2220000000.0,3141592.653589793,45.0,1.6748917750719302e-05,9.659384446620077e-09,1.6239323157465204e-09,0.0067157930083719475,1611738361.833806,173841960.949018,1621086541.3028758,-2.7933497248883583e-07,6.780966593254523e-07,7.333778741165274e-07,2.6279215743933204e+18,5.378431062436771e-13,8.158024187520294e+26,9.209806200170576,2619.2,porosity,1.095653090550318
0.545,3.0727600115908216e-11,31134.7397674249,1.21863423537651,0.0,0.0010001,7.0,0.001,2220000000.0,3141592.653589793,45.0,2.3444865785542286e-05,9.659384446620077e-09,9.791050542666406e-10,0.00566390972249905,1153898503.5143583,37240402.781766094,1154499287.142276,-4.818440357127508e-08,2.491182285834545e-07,2.537353514196983e-07,1.3328686040120236e+18,6.438162856007778e-14,1.8103990998316965e+27,9.062393669093584,2619.2,permeability,0.7802980777194919
0.545,1.8581234013843514e-11,18827.4347295717,1.20564024916211,0.0,0.0010001,7.0,0.001,2220000000.0,3141592.653589793,45.0,1.8133969788061993e-05,9.659384446620077e-09,1.2795188876825515e-09,0.005727977784468862,1494885526.281788,51655399.82324038,1495777729.8173943,-8.473950329086149e-08,4.18634055630135e-07,4.271244033666502e-07,2.2373510170176776e+18,1.824352559513169e-13,1.3771597563928257e+27,9.174867062856253,2619.2,tortuosity,1.0109599029386866
0.545,1.8581234013843514e-11,18827.4347295717,1.21863423537651,2.22044604925031e-16,0.0010001,7.0,0.001,2220000000.0,3141592.653589793,45.0,1.823142881860567e-05,9.659384446620077e-09,1.2591082491049487e-09,0.0056668312089938715,1478876215.753876,45038663.80946874,1479561875.2726252,-7.907110365964766e-08,4.1002349140375056e-07,4.1757813991740067e-07,2.1891033427602473e+18,1.7437150293687624e-13,1.4114610550198504e+27,9.1701331320702,2619.2,fluid_chemistry,1.0
0.6596,3.2319793050068184e-11,32748.0292035543,1.18435844849789,2.22044604925031e-16,0.0010001,7.0,0.001,2220000000.0,3141592.653589793,45.0,2.1546688683854712e-05,9.659384446620077e-09,1.3267002337807582e-09,0.0070543935761273715,1259677467.0641422,166912654.85417217,1270687670.2713382,-2.0033827071765695e-07,4.5776903712081125e-07,4.99687816602182e-07,1.6146471553796012e+18,2.496879140606559e-13,9.227737630876761e+26,9.104038815898951,3069.2,full_path,0.8588269889268405
0.6596,1.8581234013843514e-11,18827.4347295717,1.21863423537651,0.0,0.0010001,7.0,0.001,2220000000.0,3141592.653589793,45.0,1.6572141537356254e-05,9.659384446620077e-09,1.6764579892501032e-09,0.00686001748354829,1620305465.1370015,188315056.3790028,1631211930.07281,-3.2432222319504024e-07,7.334840659625651e-07,8.019873935911649e-07,2.660852360811862e+18,6.431837794791499e-13,7.567641271833602e+26,9.2125103890488,3069.2,porosity,1.1024965953331567
0.545,3.2319793050068184e-11,32748.0292035543,1.21863423537651,0.0,0.0010001,7.0,0.001,2220000000.0,3141592.653589793,45.0,2.4044608784765687e-05,9.659384446620077e-09,9.546821479523927e-10,0.005663654894042966,1125452884.9083335,36512336.09195834,1126045002.135964,-4.641443345856592e-08,2.3678180088246582e-07,2.4128804541962564e-07,1.267977346835383e+18,5.821992086242333e-14,1.8566711424195705e+27,9.051555747343727,3069.2,permeability,0.7610665163486171
0.545,1.8581234013843514e-11,18827.4347295717,1.18435844849789,0.0,0.0010001,7.0,0.001,2220000000.0,3141592.653589793,45.0,1.797320798649144e-05,9.659384446620077e-09,1.3141618696852925e-09,0.005831025688761958,1521690109.1422868,63111629.00548621,1522998314.502413,-9.039049594033634e-08,4.3449321358500476e-07,4.437958927342214e-07,2.319523865977191e+18,1.9695479440776457e-13,1.3209663076223542e+27,9.18269942270393,3069.2,tortuosity,1.0293576361730625
0.545,1.8581234013843514e-11,18827.4347295717,1.21863423537651,2.22044604925031e-16,0.0010001,7.0,0.001,2220000000.0,3141592.653589793,45.0,1.823142881860567e-05,9.659384446620077e-09,1.2591082491049487e-09,0.0056668312089938715,1478876215.753876,45038663.80946874,1479561875.2726252,-7.907110365964766e-08,4.1002349140375056e-07,4.1757813991740067e-07,2.1891033427602473e+18,1.7437150293687624e-13,1.4114610550198504e+27,9.1701331320702,3069.2,fluid_chemistry,1.0
0.6743,3.365322854370476e-11,34099.1326719156,1.1743870324438,2.22044604925031e-16,0.0010001,7.0,0.001,2220000000.0,3141592.653589793,45.0,2.165396371256331e-05,9.659384446620077e-09,1.3610066379547303e-09,0.007272770645590466,1244932267.565374,180505829.69334394,1257950199.8802443,-2.295228014314919e-07,4.942695878933583e-07,5.449615967141449e-07,1.5824387053787464e+18,2.969831418932303e-13,8.486390220677665e+26,9.09966344846592,3519.2,full_path,0.8502180415053296
0.6743,1.8581234013843514e-11,18827.4347295717,1.21863423537651,0.0,0.0010001,7.0,0.001,2220000000.0,3141592.653589793,45.0,1.6390506616964458e-05,9.659384446620077e-09,1.7328136836686808e-09,0.007013099606851505,1626129256.1369603,202097874.0369994,1638639651.7705834,-3.786716789348778e-07,8.018236135099169e-07,8.867431125243995e-07,2.6851399083548186e+18,7.863133476094599e-13,6.985707008741538e+26,9.214483459699997,3519.2,porosity,1.1075168123459835
0.545,3.365322854370476e-11,34099.1326719156,1.21863423537651,0.0,0.0010001,7.0,0.001,2220000000.0,3141592.653589793,45.0,2.4535606459935393e-05,9.659384446620077e-09,9.355765232740692e-10,0.005663455545473368,1103188998.2702806,35936950.17283472,1103774175.4055989,-4.340970292968164e-08,2.2778753777863571e-07,2.318869652992522e-07,1.2183174302923098e+18,5.3771564675696597e-14,1.893574009154887e+27,9.04288022882143,3519.2,permeability,0.7460142045105188
0.545,1.8581234013843514e-11,18827.4347295717,1.1743870324438,0.0,0.0010001,7.0,0.001,2220000000.0,3141592.653589793,45.0,1.7897387548650515e-05,9.659384446620077e-09,1.3309350968707801e-09,0.005880594001611951,1534503536.2692914,68758055.6225349,1536043219.781251,-9.466823744894558e-08,4.4181550880380984e-07,4.518440206545388e-07,2.3594287730359526e+18,2.041630190012593e-13,1.2953351039147771e+27,9.186403435648902,3519.2,tortuosity,1.0381743713815406
0.545,1.8581234013843514e-11,18827.4347295717,1.21863423537651,2.22044604925031e-16,0.0010001,7.0,0.001,2220000000.0,3141592.653589793,45.0,1.823142881860567e-05,9.659384446620077e-09,1.2591082491049487e-09,0.0056668312089938715,1478876215.753876,45038663.80946874,1479561875.2726252,-7.907110365964766e-08,4.1002349140375056e-07,4.1757813991740067e-07,2.1891033427602473e+18,1.7437150293687624e-13,1.4114610550198504e+27,9.1701331320702,3519.2,fluid_chemistry,1.0
0.6898,3.507944526794624e-11,35544.2467190168,1.15851985250039,2.22044604925031e-16,0.0010001,7.0,0.001,2220000000.0,3141592.653589793,45.0,2.171008366553367e-05,9.659384446620077e-09,1.4077122331785783e-09,0.007541808433874025,1228944511.5726116,195820570.66891918,1244447792.5656607,-2.716977763224497e-07,5.490070204699201e-07,6.125588871152089e-07,1.5486503084215457e+18,3.7522839018382323e-13,7.660458153079398e+26,9.09497668167885,3969.2,full_path,0.8410920917628794
0.6898,1.8581234013843514e-11,18827.4347295717,1.21863423537651,0.0,0.0010001,7.0,0.001,2220000000.0,3141592.653589793,45.0,1.6205310708401697e-05,9.659384446620077e-09,1.7929053372177731e-09,0.007174519709234042,1627949508.0779676,214438880.32020757,1642012068.8485456,-4.461611459840525e-07,8.874967517877631e-07,9.933329012066567e-07,2.696203634244281e+18,9.867102526196336e-13,6.417922621671683e+26,9.215376344875422,3969.2,porosity,1.1097961472858222
0.545,3.507944526794624e-11,35544.2467190168,1.21863423537651,0.0,0.0010001,7.0,0.001,2220000000.0,3141592.653589793,45.0,2.505011870514409e-05,9.659384446620077e-09,9.163595796010771e-10,0.005663255034876848,1080785285.215294,35352970.80384328,1081363336.3872485,-4.190313074067087e-08,2.1851185108154003e-07,2.2249337389897903e-07,1.1693466652825615e+18,4.950330142895088e-14,1.9332848742746235e+27,9.033971640739297,3969.2,permeability,0.7308672617615236
0.545,1.8581234013843514e-11,18827.4347295717,1.15851985250039,0.0,0.0010001,7.0,0.001,2220000000.0,3141592.653589793,45.0,1.777607029317195e-05,9.659384446620077e-09,1.358372120552821e-09,0.005961231160351372,1555234340.9509323,78130727.21745983,1557195641.4685373,-9.818739146224309e-08,4.5495370318013963e-07,4.6542844335029886e-07,2.4248582658086093e+18,2.1662363587948237e-13,1.254214374346101e+27,9.192343179474063,3969.2,tortuosity,1.0524707803663886
0.545,1.8581234013843514e-11,18827.4347295717,1.21863423537651,2.22044604925031e-16,0.0010001,7.0,0.001,2220000000.0,3141592.653589793,45.0,1.823142881860567e-05,9.659384446620077e-09,1.2591082491049487e-09,0.0056668312089938715,1478876215.753876,45038663.80946874,1479561875.2726252,-7.907110365964766e-08,4.1002349140375056e-07,4.1757813991740067e-07,2.1891033427602473e+18,1.7437150293687624e-13,1.4114610550198504e+27,9.1701331320702,3969.2,fluid_chemistry,1.0
0.7056,3.625638100127886e-11,36736.776810598,1.14521715886173,2.66142132087097e-16,0.0010001,7.0,0.001,2220000000.0,3141592.653589793,45.0,2.169710829581092e-05,9.659384446620077e-09,1.4575536713341118e-09,0.007804175345922136,1208345094.4149163,207468524.93511862,1226026531.5381014,-3.1838920500739397e-07,6.28771838960156e-07,7.047877065716858e-07,1.5031410560353472e+18,4.967257113345767e-13,6.896098921951512e+26,9.088499868531432,4419.2,full_path,0.8286416080518382
0.7056,1.8581234013843514e-11,18827.4347295717,1.21863423537651,0.0,0.0010001,7.0,0.001,2220000000.0,3141592.653589793,45.0,1.6022846466782904e-05,9.659384446620077e-09,1.8548589289002856e-09,0.00733907136265093,1624019629.2608066,224052256.61810005,1639402076.9536893,-5.233142115262679e-07,9.979142041037216e-07,1.1268054502607464e-06,2.68763916992007e+18,1.2696905227373235e-12,5.8820940075074524e+26,9.214685480957357,4419.2,porosity,1.108032117042494
0.545,3.625638100127886e-11,36736.776810598,1.21863423537651,0.0,0.0010001,7.0,0.001,2220000000.0,3141592.653589793,45.0,2.5466874945146858e-05,9.659384446620077e-09,9.013630469522199e-10,0.0056630985599111245,1063294803.4377246,34893542.27139856,1063867190.1651613,-3.964049078784188e-08,2.1170236375037176e-07,2.15381659682053e-07,1.1318133983099154e+18,4.6389259327395697e-14,1.9646757905362863e+27,9.02688741538528,4419.2,permeability,0.7190420407183933
0.545,1.8581234013843514e-11,18827.4347295717,1.14521715886173,0.0,0.0010001,7.0,0.001,2220000000.0,3141592.653589793,45.0,1.7673718849995315e-05,9.659384446620077e-09,1.3821093623194212e-09,0.006030559082089406,1572942583.812136,86373113.53876804,1575312250.543358,-1.0417067124778621e-07,4.6560355549765305e-07,4.771144513010169e-07,2.48160868671198e+18,2.276381996402705e-13,1.220722308838601e+27,9.19736665034608,4419.2,tortuosity,1.0647153572087615
0.545,1.8581234013843514e-11,18827.4347295717,1.21863423537651,2.66142132087097e-16,0.0010001,7.0,0.001,2220000000.0,3141592.653589793,45.0,1.823142881860567e-05,9.659384446620077e-09,1.2591082491049487e-09,0.0056668312089938715,1478876215.753876,45038663.80946874,1479561875.2726252,-7.907110365964766e-08,4.1002349140375056e-07,4.1757813991740067e-07,2.1891033427602473e+18,1.7437150293687624e-13,1.4114610550198504e+27,9.1701331320702,4419.2,fluid_chemistry,1.0
0.7221,3.812255463009861e-11,38627.677176229,1.13254520292666,5.36064138891596e-16,0.0010001,7.0,0.001,2220000000.0,3141592.653589793,45.0,2.187082125262468e-05,9.659384446620077e-09,1.496346602673108e-09,0.008075908146499252,1162968364.7015898,212744990.61095998,1182267249.1136458,-3.6947286361957855e-07,7.37317403136948e-07,8.24710343041643e-07,1.3977558483267474e+18,6.801471499198644e-13,6.227356283583445e+26,9.072715659029376,4869.2,full_path,0.7990657699907281
0.7221,1.8581234013843514e-11,18827.4347295717,1.21863423537651,0.0,0.0010001,7.0,0.001,2220000000.0,3141592.653589793,45.0,1.5838727420527046e-05,9.659384446620077e-09,1.9203019077904005e-09,0.007510921047273615,1611260317.707095,229795227.35870743,1627564332.963342,-6.25339619733697e-07,1.1441458471831499e-06,1.3038862525677355e-06,2.648965657934408e+18,1.7001193596351325e-12,5.3673707059385366e+26,9.21153816399832,4869.2,porosity,1.1000312728816737
0.545,3.812255463009861e-11,38627.677176229,1.21863423537651,0.0,0.0010001,7.0,0.001,2220000000.0,3141592.653589793,45.0,2.6114061792434255e-05,9.659384446620077e-09,8.790235845897947e-10,0.005662865467681583,1037228737.354818,34203060.54238184,1037792514.4002224,-3.671819813276116e-08,2.016592557930251e-07,2.04974831433309e-07,1.0770133029451359e+18,4.201468152111344e-14,2.013624976675124e+27,9.016110533803115,4869.2,permeability,0.70141879954091
0.545,1.8581234013843514e-11,18827.4347295717,1.13254520292666,0.0,0.0010001,7.0,0.001,2220000000.0,3141592.653589793,45.0,1.7575666016309625e-05,9.659384446620077e-09,1.4053712160785881e-09,0.006098115871382089,1590093898.5695205,94567675.7924133,1592903528.645974,-1.0940679173733239e-07,4.7631369975320206e-07,4.88717287039081e-07,2.537341651572795e+18,2.388445866508395e-13,1.1891095246344692e+27,9.202189474328817,4869.2,tortuosity,1.0766048755834996
0.545,1.8581234013843514e-11,18827.4347295717,1.21863423537651,5.36064138891596e-16,0.0010001,7.0,0.001,2220000000.0,3141592.653589793,45.0,1.823142881860567e-05,9.659384446620077e-09,1.2591082491049487e-09,0.0056668312089938715,1478876215.753876,45038663.80946874,1479561875.2726252,-7.907110365964766e-08,4.1002349140375056e-07,4.1757813991740067e-07,2.1891033427602473e+18,1.7437150293687624e-13,1.4114610550198504e+27,9.1701331320702,4869.2,fluid_chemistry,1.0
0.7365,4.056544770322942e-11,41102.9384991006,1.12038213197898,1.31536507814765e-15,0.0010001,7.0,0.001,2220000000.0,3141592.653589793,45.0,2.22187612161171e-05,9.659384446620077e-09,1.518594606468097e-09,0.008326126387092738,1089628998.4714718,209763097.81453475,1109635936.474073,-4.0609159218653546e-07,8.864952996783981e-07,9.750816876531363e-07,1.2312919115146929e+18,9.507842975964884e-13,5.717058095371367e+26,9.045180513277614,5319.2,full_path,0.7499760267002085
0.7365,1.8581234013843514e-11,18827.4347295717,1.21863423537651,0.0,0.0010001,7.0,0.001,2220000000.0,3141592.653589793,45.0,1.5683124196844705e-05,9.659384446620077e-09,1.9780307090801277e-09,0.007660905369042458,1589136537.4352777,229699456.17090118,1605651511.000127,-7.300632904074899e-07,1.3178198198327758e-06,1.5065329354331092e-06,2.578116774776991e+18,2.2696414855447006e-12,4.950675128806067e+26,9.20565129232962,5319.2,porosity,1.085220927785983
0.545,4.056544770322942e-11,41102.9384991006,1.21863423537651,0.0,0.0010001,7.0,0.001,2220000000.0,3141592.653589793,45.0,2.6937765405789184e-05,9.659384446620077e-09,8.52143743034861e-10,0.005662584999775611,1005846546.631011,33362423.620971873,1006399685.3533868,-3.558546159177571e-08,1.8937622414687425e-07,1.9269063119110617e-07,1.0128403266793958e+18,3.71296793488269e-14,2.076948211121382e+27,9.00277049232088,5319.2,permeability,0.6802011474970905
0.545,1.8581234013843514e-11,18827.4347295717,1.12038213197898,0.0,0.0010001,7.0,0.001,2220000000.0,3141592.653589793,45.0,1.7481033529889068e-05,9.659384446620077e-09,1.4283192840339909e-09,0.006164398364369904,1606819483.9360476,102762766.82378912,1610102183.1554003,-1.1534184814575327e-07,4.867196613596816e-07,5.001997307953706e-07,2.5924290402017864e+18,2.501997706877612e-13,1.1592968552356991e+27,9.2068534388718,5319.2,tortuosity,1.0882290291906322
0.545,1.8581234013843514e-11,18827.4347295717,1.21863423537651,1.31536507814765e-15,0.0010001,7.0,0.001,2220000000.0,3141592.653589793,45.0,1.823142881860567e-05,9.659384446620077e-09,1.2591082491049487e-09,0.0056668312089938715,1478876215.753876,45038663.80946874,1479561875.2726252,-7.907110365964766e-08,4.1002349140375056e-07,4.1757813991740067e-07,2.1891033427602473e+18,1.7437150293687624e-13,1.4114610550198504e+27,9.1701331320702,5319.2,fluid_chemistry,1.0
0.75115,4.395761563657456e-11,44540.0525416459,1.11048806370079,2.78458255510668e-15,0.0010001,7.0,0.001,2220000000.0,3141592.653589793,45.0,2.280109314512213e-05,9.659384446620077e-09,1.5226904796652703e-09,0.008566986629189522,940166789.2051123,179547537.84496745,957157724.6569346,-4.2327691049713807e-07,1.195799375043875e-06,1.2685028530970375e-06,9.161509098704403e+17,1.6090994883153242e-12,5.300873176377336e+26,8.9809835086275,5769.2,full_path,0.6469197001176906
0.75115,1.8581234013843514e-11,18827.4347295717,1.21863423537651,0.0,0.0010001,7.0,0.001,2220000000.0,3141592.653589793,45.0,1.5529433792104105e-05,9.659384446620077e-09,2.037343801767896e-09,0.007813499657505843,1548663005.8169367,221775942.3492568,1564462103.7886631,-8.554158544135223e-07,1.5712234471492645e-06,1.7889883747117066e-06,2.44754167419085e+18,3.2004794048536335e-12,4.555751696234219e+26,9.194365047626155,5769.2,porosity,1.0573820060755446
0.545,4.395761563657456e-11,44540.0525416459,1.21863423537651,0.0,0.0010001,7.0,0.001,2220000000.0,3141592.653589793,45.0,2.804145170769966e-05,9.659384446620077e-09,8.186029248698403e-10,0.005662235028995775,966659471.1372453,32298132.421939243,967198895.0041682,-3.22042716665967e-08,1.7500394444144126e-07,1.7794239428432735e-07,9.354737024972838e+17,3.166349568363902e-14,2.1611535878093583e+27,8.985515791684533,5769.2,permeability,0.6537062837104743
0.545,1.8581234013843514e-11,18827.4347295717,1.11048806370079,0.0,0.0010001,7.0,0.001,2220000000.0,3141592.653589793,45.0,1.7403675065317274e-05,9.659384446620077e-09,1.4474510147720727e-09,0.006219387877881184,1620617256.6178498,109677456.42240973,1624324301.6389477,-1.2021591976570645e-07,4.955884736868136e-07,5.099605892775836e-07,2.638429436894855e+18,2.6005980261634026e-13,1.1350649570736498e+27,9.21067274187037,5769.2,tortuosity,1.097841414263022
0.545,1.8581234013843514e-11,18827.4347295717,1.21863423537651,2.78458255510668e-15,0.0010001,7.0,0.001,2220000000.0,3141592.653589793,45.0,1.823142881860567e-05,9.659384446620077e-09,1.2591082491049487e-09,0.0056668312089938715,1478876215.753876,45038663.80946874,1479561875.2726252,-7.907110365964766e-08,4.1002349140375056e-07,4.1757813991740067e-07,2.1891033427602473e+18,1.7437150293687624e-13,1.4114610550198504e+27,9.1701331320702,5769.2,fluid_chemistry,1.0
0.7653,4.678542876450955e-11,47405.3340968944,1.10464981505447,9.99743003044623e-15,0.0010001,7.0,0.001,2220000000.0,3141592.653589793,45.0,2.3243244779480343e-05,9.659384446620077e-09,1.529904896445217e-09,0.008774190903354748,728202957.7579745,-19064715.863132615,728452476.8839793,-7.310843366338916e-07,1.8927576781778518e-06,2.0290431083573925e-06,5.306430110784044e+17,4.117015935572629e-12,4.9272749983361366e+26,8.86240122432802,6219.2,full_path,0.4923433680323468
0.7653,1.8581234013843514e-11,18827.4347295717,1.21863423537651,0.0,0.0010001,7.0,0.001,2220000000.0,3141592.653589793,45.0,1.538519838458179e-05,9.659384446620077e-09,2.0951845400767712e-09,0.007960891708255683,1475790279.3487198,198560095.67914575,1489087996.1292698,-1.0061806987075729e-06,1.9607231382694607e-06,2.2038227749519475e-06,2.2173830602162844e+18,4.856834823396902e-12,4.199280626169448e+26,9.172920362697894,6219.2,porosity,1.0064384741293022
0.545,4.678542876450955e-11,47405.3340968944,1.21863423537651,0.0,0.0010001,7.0,0.001,2220000000.0,3141592.653589793,45.0,2.892935405443076e-05,9.659384446620077e-09,7.93477439818528e-10,0.00566197286432599,937283745.1241673,31489496.917408954,937812565.1163437,-3.0726338698738755e-08,1.6437478871880808e-07,1.6722194549813851e-07,8.794924072900965e+17,2.796317905618241e-14,2.2295734759981897e+27,8.972116047259874,6219.2,permeability,0.6338447758013106
0.545,1.8581234013843514e-11,18827.4347295717,1.10464981505447,0.0,0.0010001,7.0,0.001,2220000000.0,3141592.653589793,45.0,1.7357865981749675e-05,9.659384446620077e-09,1.458941488164688e-09,0.006252298393829644,1628840669.6150618,113865793.17175473,1632815772.169866,-1.2293150790542392e-07,5.009658029602571e-07,5.158283545633338e-07,2.666087345846676e+18,2.6607889137151645e-13,1.1209468527767721e+27,9.212937186792077,6219.2,tortuosity,1.1035805933219267
0.545,1.8581234013843514e-11,18827.4347295717,1.21863423537651,9.99743003044623e-15,0.0010001,7.0,0.001,2220000000.0,3141592.653589793,45.0,1.823142881860567e-05,9.659384446620077e-09,1.2591082491049487e-09,0.0056668312089938715,1478876215.753876,45038663.80946874,1479561875.2726252,-7.907110365964766e-08,4.1002349140375056e-07,4.1757813991740067e-07,2.1891033427602473e+18,1.7437150293687624e-13,1.4114610550198504e+27,9.1701331320702,6219.2,fluid_chemistry,1.0
0.7804,5.0306130199247066e-11,50972.6847053333,1.09799679660201,2.77295831303905e-14,0.0010001,7.0,0.001,2220000000.0,3141592.653589793,45.0,2.3795638080923302e-05,9.659384446620077e-09,1.5331068923471755e-09,0.00900114659277452,631731412.7349495,-652007026.2645364,907853369.29177,-2.3257828900611543e-06,2.9873177573421074e-06,3.785938910631376e-06,8.24197740134419e+17,1.4333333435032691e-11,4.5514953027390455e+26,8.95801570969966,6669.2,full_path,0.6135960816944463
0.7804,1.8581234013843514e-11,18827.4347295717,1.21863423537651,0.0,0.0010001,7.0,0.001,2220000000.0,3141592.653589793,45.0,1.5235626833540151e-05,9.659384446620077e-09,2.157501081718374e-09,0.00811818551956062,1318044061.9550707,107564887.86149962,1322425935.3006048,-1.3048490046940015e-06,2.762418819360388e-06,3.055092250425078e-06,1.7488103543556795e+18,9.333588658607366e-12,3.844944085315953e+26,9.121371357991922,6669.2,porosity,0.8937956278827025
0.545,5.0306130199247066e-11,50972.6847053333,1.21863423537651,0.0,0.0010001,7.0,0.001,2220000000.0,3141592.653589793,45.0,2.999810942302451e-05,9.659384446620077e-09,7.65206986636092e-10,0.005661677883439676,904209828.2698855,30567766.658624724,904726368.5216388,-2.7802466224706025e-08,1.531615350300772e-07,1.5566448837466264e-07,8.185298018983521e+17,2.423143294094548e-14,2.3103070756120537e+27,8.956517248144221,6669.2,permeability,0.6114826176870319
0.545,1.8581234013843514e-11,18827.4347295717,1.09799679660201,0.0,0.0010001,7.0,0.001,2220000000.0,3141592.653589793,45.0,1.7305516084747353e-05,9.659384446620077e-09,1.4722220191683262e-09,0.00629022885601808,1638286145.5817485,118739207.51802722,1642583481.6553802,-1.2511584169553216e-07,5.075072844629673e-07,5.227022265364446e-07,2.6980804942071107e+18,2.7321761762615665e-13,1.104835755400684e+27,9.215527451109102,6669.2,tortuosity,1.1101823513482438
0.545,1.8581234013843514e-11,18827.4347295717,1.21863423537651,2.77295831303905e-14,0.0010001,7.0,0.001,2220000000.0,3141592.653589793,45.0,1.823142881860567e-05,9.659384446620077e-09,1.2591082491049487e-09,0.0056668312089938715,1478876215.753876,45038663.80946874,1479561875.2726252,-7.907110365964766e-08,4.1002349140375056e-07,4.1757813991740067e-07,2.1891033427602473e+18,1.7437150293687624e-13,1.4114610550198504e+27,9.1701331320702,6669.2,fluid_chemistry,1.0
0.79425,5.450766036845722e-11,55229.8850057114,1.08542198582978,7.03873657780734e-14,0.0010001,7.0,0.001,2220000000.0,3141592.653589793,45.0,2.4411499627129864e-05,9.659384446620077e-09,1.5385699106907775e-09,0.009266607825031048,2155123398.7794447,-1268281293.9038618,2500618784.30782,-6.542535461263841e-06,-1.999559184246631e-07,6.545590319536345e-06,6.253094304433119e+18,4.2844752631207916e-11,4.165180896812839e+26,9.398047489215282,7119.2,full_path,1.6901076096240002
0.79425,1.8581234013843514e-11,18827.4347295717,1.21863423537651,0.0,0.0010001,7.0,0.001,2220000000.0,3141592.653589793,45.0,1.5102204457065609e-05,9.659384446620077e-09,2.2151918741454375e-09,0.008262463879411302,1131352920.1827157,-188801083.3934833,1146998377.983383,-2.2751299868411213e-06,4.065482147549213e-06,4.6587940015700455e-06,1.3156052790965115e+18,2.1704361549065036e-11,3.540693844664458e+26,9.059562803748378,7119.2,porosity,0.7752283950761005
0.545,5.450766036845722e-11,55229.8850057114,1.21863423537651,0.0,0.0010001,7.0,0.001,2220000000.0,3141592.653589793,45.0,3.122570125029826e-05,9.659384446620077e-09,7.351231307149505e-10,0.005661363979989185,868989588.6424533,29572848.115263242,869492644.313124,-2.5323051505908984e-08,1.4149557759307615e-07,1.4374371435290364e-07,7.560174585146286e+17,2.0662255415969156e-14,2.4041295050548567e+27,8.939265912333287,7119.2,permeability,0.5876689977246883
0.545,1.8581234013843514e-11,18827.4347295717,1.08542198582978,0.0,0.0010001,7.0,0.001,2220000000.0,3141592.653589793,45.0,1.7206134993972622e-05,9.659384446620077e-09,1.4978806275827728e-09,0.006363192054397134,1656357087.8662453,128252160.72884548,1661314966.9031355,-1.283359451558422e-07,5.206226141563658e-07,5.362070693212198e-07,2.759967419256366e+18,2.875180211900515e-13,1.074446880303214e+27,9.220451977677412,7119.2,tortuosity,1.1228425080884301
0.545,1.8581234013843514e-11,18827.4347295717,1.21863423537651,7.03873657780734e-14,0.0010001,7.0,0.001,2220000000.0,3141592.653589793,45.0,1.823142881860567e-05,9.659384446620077e-09,1.2591082491049487e-09,0.0056668312089938715,1478876215.753876,45038663.80946874,1479561875.2726252,-7.907110365964766e-08,4.1002349140375056e-07,4.1757813991740067e-07,2.1891033427602473e+18,1.7437150293687624e-13,1.4114610550198504e+27,9.1701331320702,7119.2,fluid_chemistry,1.0
0.8078,6.188144694047811e-11,62701.3739978356,1.07498664205791,2.59925567792322e-13,0.0010001,7.0,0.001,2220000000.0,3141592.653589793,45.0,2.5666983589199815e-05,9.659384446620077e-09,1.5027200573439375e-09,0.009515380298848797,2241793261.267111,333921807.83696705,2266526152.5099897,-2.427326902669468e-06,-3.2525099156403784e-06,4.058415533648807e-06,5.137140800011737e+18,1.6470736643761933e-11,3.911155818453509e+26,9.355360734568432,7569.2,full_path,1.5318900752916182
0.8078,1.8581234013843514e-11,18827.4347295717,1.21863423537651,0.0,0.0010001,7.0,0.001,2220000000.0,3141592.653589793,45.0,1.4975006959005225e-05,9.659384446620077e-09,2.272122073182945e-09,0.008403622177883822,1114586653.1820326,-802368976.1459194,1373353334.4820538,-4.888826556362401e-06,5.476103851094244e-06,7.340867693002201e-06,1.8860993813329759e+18,5.388833848616346e-11,3.261946479079885e+26,9.1377822863076,7569.2,porosity,0.9282162222712035
0.545,6.188144694047811e-11,62701.3739978356,1.21863423537651,0.0,0.0010001,7.0,0.001,2220000000.0,3141592.653589793,45.0,3.3270831874136956e-05,9.659384446620077e-09,6.899345249652777e-10,0.005660892467310044,816037328.4473966,28050534.99367649,816519291.8314886,-2.2520223527899534e-08,1.2469824076830319e-07,1.267154754497503e-07,6.667037539329957e+17,1.6056811718456275e-14,2.5604990934997173e+27,8.911966450232494,7569.2,permeability,0.5518655931040641
0.545,1.8581234013843514e-11,18827.4347295717,1.07498664205791,0.0,0.0010001,7.0,0.001,2220000000.0,3141592.653589793,45.0,1.7123224577500177e-05,9.659384446620077e-09,1.519744914042663e-09,0.006425038625619645,1671571842.787194,136457443.13240296,1677132391.7285745,-1.3447700053869558e-07,5.308363211372839e-07,5.476050250978801e-07,2.812773059385209e+18,2.998712635124499e-13,1.0499626938088617e+27,9.22456734688022,7569.2,tortuosity,1.1335331220396205
0.545,1.8581234013843514e-11,18827.4347295717,1.21863423537651,2.59925567792322e-13,0.0010001,7.0,0.001,2220000000.0,3141592.653589793,45.0,1.823142881860567e-05,9.659384446620077e-09,1.2591082491049487e-09,0.0056668312089938715,1478876215.753876,45038663.80946874,1479561875.2726252,-7.907110365964766e-08,4.1002349140375056e-07,4.1757813991740067e-07,2.1891033427602473e+18,1.7437150293687624e-13,1.4114610550198504e+27,9.1701331320702,7569.2,fluid_chemistry,1.0
0.82375,7.156259829961731e-11,72510.8002816605,1.07137341733354,1.57076409245223e-12,0.0010001,7.0,0.001,2220000000.0,3141592.653589793,45.0,2.728731241909009e-05,9.659384446620077e-09,1.446255039417063e-09,0.009735033083761366,1616634328.7558188,586239622.577969,1719646314.7961955,-7.796735417897766e-07,-2.2248127392811785e-06,2.357473765842334e-06,2.9571834479921357e+18,5.5576825566348355e-12,3.701254683123054e+26,9.23543913334515,8019.2,full_path,1.162267251904779
0.82375,1.8581234013843514e-11,18827.4347295717,1.21863423537651,0.0,0.0010001,7.0,0.001,2220000000.0,3141592.653589793,45.0,1.4829320226414248e-05,9.659384446620077e-09,2.3397500529361e-09,0.00856978909170913,2089238497.054159,-1759643651.0892344,2731531306.134303,-1.1466728841094138e-05,3.6715539496262863e-06,1.2040190144686109e-05,7.461263276391772e+18,1.449661787201965e-10,2.9548931402273406e+26,9.436406182336768,8019.2,porosity,1.8461757847274816
0.545,7.156259829961731e-11,72510.8002816605,1.21863423537651,0.0,0.0010001,7.0,0.001,2220000000.0,3141592.653589793,45.0,3.577885845131759e-05,9.659384446620077e-09,6.415703753246363e-10,0.005660387817429327,759299150.7142978,26383226.211813748,759757378.9709433,-2.0158850561813095e-08,1.0775144088628677e-07,1.0962094813056701e-07,5.772312749007976e+17,1.2016752269044464e-14,2.7533931438568906e+27,8.880674926758957,8019.2,permeability,0.5135015923757497
0.545,1.8581234013843514e-11,18827.4347295717,1.07137341733354,0.0,0.0010001,7.0,0.001,2220000000.0,3141592.653589793,45.0,1.7094423226555435e-05,9.659384446620077e-09,1.5274396554834793e-09,0.006446733982909513,1676886418.5236022,139366417.70795438,1682667839.7751772,-1.365245543985226e-07,5.34499009148706e-07,5.51659446338648e-07,2.8313710590136617e+18,3.0432814473466367e-13,1.0415089568341144e+27,9.225998394294372,8019.2,tortuosity,1.1372743971691806
0.545,1.8581234013843514e-11,18827.4347295717,1.21863423537651,1.57076409245223e-12,0.0010001,7.0,0.001,2220000000.0,3141592.653589793,45.0,1.823142881860567e-05,9.659384446620077e-09,1.2591082491049487e-09,0.0056668312089938715,1478876215.753876,45038663.80946874,1479561875.2726252,-7.907110365964766e-08,4.1002349140375056e-07,4.1757813991740067e-07,2.1891033427602473e+18,1.7437150293687624e-13,1.4114610550198504e+27,9.1701331320702,8019.2,fluid_chemistry,1.0
0.83965,8.658038699803953e-11,87727.5741671511,1.06995132308093,8.77029178748822e-12,0.0010001,7.0,0.001,2220000000.0,3141592.653589793,45.0,2.970897160910311e-05,9.659384446620077e-09,1.355802623242229e-09,0.009934871686477623,1272236390.8495443,560541198.435707,1390248851.5893884,-3.2879912738624177e-07,-1.5279557289797678e-06,1.5629323644649656e-06,1.9327918693456133e+18,2.442757575892048e-12,3.584755380473983e+26,9.14309254500152,8469.2,full_path,0.9396354926577302
0.83965,1.8581234013843514e-11,18827.4347295717,1.21863423537651,0.0,0.0010001,7.0,0.001,2220000000.0,3141592.653589793,45.0,1.4688241725718874e-05,9.659384446620077e-09,2.4078209880861015e-09,0.008735441938741326,3690107900.9331164,-882692438.1690785,3794211678.4557347,-1.2103818361331987e-05,-5.52229404105868e-06,1.3304065183244915e-05,1.4396042260929884e+19,1.7699815040002955e-10,2.670208491132215e+26,9.57912155644743,8469.2,porosity,2.564415684039311
0.545,8.658038699803953e-11,87727.5741671511,1.21863423537651,0.0,0.0010001,7.0,0.001,2220000000.0,3141592.653589793,45.0,3.9354390535602815e-05,9.659384446620077e-09,5.832795463936788e-10,0.005659779585541985,690825680.6117504,24319848.261259347,691253626.4007146,-1.4063286304322467e-08,8.974043043627906e-08,9.083568063578311e-08,4.7783157601213875e+17,8.251120876565982e-15,3.022345273461963e+27,8.839637422680477,8469.2,permeability,0.4672015668647475
0.545,1.8581234013843514e-11,18827.4347295717,1.06995132308093,0.0,0.0010001,7.0,0.001,2220000000.0,3141592.653589793,45.0,1.7083074264113646e-05,9.659384446620077e-09,1.5304859795194439e-09,0.0064553130714285634,1678984713.6480165,140521096.93499798,1684854844.5927105,-1.3717016350519894e-07,5.359764635778262e-07,5.53250777916702e-07,2.8387358473475267e+18,3.0608642326543585e-13,1.038222859262723e+27,9.226562491018704,8469.2,tortuosity,1.1387525407021304
0.545,1.8581234013843514e-11,18827.4347295717,1.21863423537651,8.77029178748822e-12,0.0010001,7.0,0.001,2220000000.0,3141592.653589793,45.0,1.823142881860567e-05,9.659384446620077e-09,1.2591082491049487e-09,0.0056668312089938715,1478876215.753876,45038663.80946874,1479561875.2726252,-7.907110365964766e-08,4.1002349140375056e-07,4.1757813991740067e-07,2.1891033427602473e+18,1.7437150293687624e-13,1.4114610550198504e+27,9.1701331320702,8469.2,fluid_chemistry,1.0
0.85615,1.0681497174099655e-10,108230.266466499,1.06257754493758,6.48662836803161e-11,0.0010001,7.0,0.001,2220000000.0,3141592.653589793,45.0,3.256615194856855e-05,9.659384446620077e-09,1.2699055921302215e-09,0.0101991259686592,1038532625.8863916,501911515.25935405,1153457924.7551358,-1.5925132039873528e-07,-1.095558240726469e-06,1.1070721936135947e-06,1.3304651841804244e+18,1.2256088418724165e-12,3.390139338854352e+26,9.062001757175324,8919.2,full_path,0.7795942461295163
0.85615,1.8581234013843514e-11,18827.4347295717,1.21863423537651,0.0,0.0010001,7.0,0.001,2220000000.0,3141592.653589793,45.0,1.4546014856192566e-05,9.659384446620077e-09,2.479145381028172e-09,0.008907352979960719,3529397113.1274643,362724941.6769997,3547987227.353991,-6.597245417958543e-06,-8.47295718895667e-06,1.0738465934697911e-05,1.258821336546706e+19,1.1531465063066748e-10,2.395718012774075e+26,9.54998204771559,8919.2,porosity,2.3979985471714294
0.545,1.0681497174099655e-10,108230.266466499,1.21863423537651,0.0,0.0010001,7.0,0.001,2220000000.0,3141592.653589793,45.0,4.371188093096213e-05,9.659384446620077e-09,5.251334431381969e-10,0.005659172860493498,622423346.6342871,22201055.9379391,622819162.6147877,-1.4159441975447287e-08,7.220724206274359e-08,7.35824408630463e-08,3.8790370932018534e+17,5.414375603363706e-15,3.3606649512113476e+27,8.79436196627539,8919.2,permeability,0.4209483719631709
0.545,1.8581234013843514e-11,18827.4347295717,1.06257754493758,0.0,0.0010001,7.0,0.001,2220000000.0,3141592.653589793,45.0,1.7024106823637262e-05,9.659384446620077e-09,1.546445293908454e-09,0.006500165544128556,1689924474.265591,146598107.54227158,1696271126.2816477,-1.4239949616538485e-07,5.43316182662588e-07,5.616672421026547e-07,2.8773357338568095e+18,3.154700908512021e-13,1.021171856680626e+27,9.229495269640767,8919.2,tortuosity,1.146468528711644
0.545,1.8581234013843514e-11,18827.4347295717,1.21863423537651,6.48662836803161e-11,0.0010001,7.0,0.001,2220000000.0,3141592.653589793,45.0,1.823142881860567e-05,9.659384446620077e-09,1.2591082491049487e-09,0.0056668312089938715,1478876215.753876,45038663.80946874,1479561875.2726252,-7.907110365964766e-08,4.1002349140375056e-07,4.1757813991740067e-07,2.1891033427602473e+18,1.7437150293687624e-13,1.4114610550198504e+27,9.1701331320702,8919.2,fluid_chemistry,1.0
0.87075,1.3554802483891289e-10,137344.031536101,1.05121977839913,2.23064398095441e-10,0.0010002230643980955,6.651569739193987,0.001,2220000000.0,3141592.653589793,45.0,3.6181920114527665e-05,9.658790197726119e-09,1.0931426156580755e-09,0.01048302563828253,807033914.5523133,409859436.3240156,905145566.6253194,-8.139979793478559e-08,-7.070170924147712e-07,7.116874988858952e-07,8.192884967814705e+17,5.064990960704611e-13,3.455999692069024e+26,8.956718428595691,9369.2,full_path,0.6117659435219879
0.87075,1.8581234013843514e-11,18827.4347295717,1.21863423537651,0.0,0.0010001,7.0,0.001,2220000000.0,3141592.653589793,45.0,1.4423551705443262e-05,9.659384446620077e-09,2.5428328959180747e-09,0.00905947421566336,3124456999.771878,761815487.9003668,3215990419.921732,-3.9272439229464375e-06,-8.205728993677991e-06,9.09710026041306e-06,1.0342594381028358e+19,8.275723314800736e-11,2.1688343827513234e+26,9.507314746363315,9369.2,porosity,2.1736099541826537
0.545,1.3554802483891289e-10,137344.031536101,1.21863423537651,0.0,0.0010001,7.0,0.001,2220000000.0,3141592.653589793,45.0,4.9241358555456266e-05,9.659384446620077e-09,4.661636931941414e-10,0.005658557538055872,552950130.4795796,19988443.080688592,553311290.9151357,-1.0515984930483058e-08,5.710425019597902e-08,5.806445840187538e-08,3.0615338465417395e+17,3.3714813295031165e-15,3.7823936727429796e+27,8.742969532553042,9369.2,permeability,0.3739696866771335
0.545,1.8581234013843514e-11,18827.4347295717,1.05121977839913,0.0,0.0010001,7.0,0.001,2220000000.0,3141592.653589793,45.0,1.693287804640816e-05,9.659384446620077e-09,1.5715761335521433e-09,0.00657048360706647,1706971838.115046,156260595.47502232,1714109165.081404,-1.467687228217513e-07,5.561841006791362e-07,5.752232713016638e-07,2.9381702298160676e+18,3.3088181184698754e-13,9.948266552407757e+26,9.2340384770287,9369.2,tortuosity,1.1585248266589465
0.545,1.8581234013843514e-11,18827.4347295717,1.21863423537651,2.23064398095441e-10,0.0010002230643980955,6.651569739193987,0.001,2220000000.0,3141592.653589793,45.0,1.823142881860567e-05,9.658790197726119e-09,1.1713427596170963e-09,0.005665353473801943,1375966585.319465,41849168.58251134,1376602846.4400165,-6.941902469555007e-08,3.5468394616310606e-07,3.614134787961214e-07,1.8950353968267556e+18,1.306197026555145e-13,1.5178018785163692e+27,9.138808663221429,9369.2,fluid_chemistry,0.9304124886202293
0.885,1.6462612980890035e-10,166807.420403288,1.04566830117873,1.21191847709783e-09,0.0010012119184770979,5.916526593154335,0.001,2220000000.0,3141592.653589793,45.0,3.944752079734214e-05,9.654019232965483e-09,8.624417672607731e-10,0.010717506864574684,593285253.8474921,309542602.47501445,669181601.0470461,-4.370018076905633e-08,-4.1639534996466837e-07,4.186822103594167e-07,4.4780401517988794e+17,1.7529479327144685e-13,3.8602692479713374e+26,8.82554399165439,9819.2,full_path,0.4522836200572836
0.885,1.8581234013843514e-11,18827.4347295717,1.21863423537651,0.0,0.0010001,7.0,0.001,2220000000.0,3141592.653589793,45.0,1.4306958649769417e-05,9.659384446620077e-09,2.6055108361417364e-09,0.009207954104701604,2838612266.6029844,907744921.1460532,2980221542.431936,-2.5902040215016204e-06,-7.821391507598906e-06,8.239133570233187e-06,8.881720441975386e+18,6.788332198814347e-11,1.96115730771492e+26,9.474248549673378,9819.2,porosity,2.014259486027104
0.545,1.6462612980890035e-10,166807.420403288,1.21863423537651,0.0,0.0010001,7.0,0.001,2220000000.0,3141592.653589793,45.0,5.426662519671672e-05,9.659384446620077e-09,4.229949639043232e-10,0.005658107090293052,502026588.7372561,18326783.72336759,502360992.5151526,-9.132409748866377e-09,4.696238829508708e-08,4.7842103028605695e-08,2.5236656680080918e+17,2.2888668221997223e-15,4.166933778723181e+27,8.701015909803354,9819.2,permeability,0.3395336152620093
0.545,1.8581234013843514e-11,18827.4347295717,1.04566830117873,0.0,0.0010001,7.0,0.001,2220000000.0,3141592.653589793,45.0,1.6888107712015178e-05,9.659384446620077e-09,1.5841083888745692e-09,0.0066054101591518,1715391581.6635122,161120859.2505354,1722941731.3791192,-1.5011915880182853e-07,5.622516364824739e-07,5.819473039430534e-07,2.968528209727677e+18,3.386626645665886e-13,9.8221567418556e+26,9.236270590176744,9819.2,tortuosity,1.1644945440768733
0.545,1.8581234013843514e-11,18827.4347295717,1.21863423537651,1.21191847709783e-09,0.0010012119184770979,5.916526593154335,0.001,2220000000.0,3141592.653589793,45.0,1.823142881860567e-05,9.654019232965483e-09,9.860897303111685e-10,0.005667108215740731,1158175219.2599678,35283308.59391945,1158712540.0086117,-4.857095067822591e-08,2.514616164779251e-07,2.5610951136472414e-07,1.3426147503732086e+18,6.559208181147776e-14,1.8021588809171058e+27,9.063975707083062,9819.2,fluid_chemistry,0.7831457131829018
0.8994,2.0413472731631518e-10,206839.505477594,1.03987766650634,3.88193531312219e-09,0.0010038819353131222,5.410951705781286,0.001,2220000000.0,3141592.653589793,45.0,4.3452835740696134e-05,9.641172325810223e-09,6.965305400862641e-10,0.010979442304526764,449584373.1375119,239637531.86778596,509462712.32459563,-3.040579576538056e-08,-2.6861888247190455e-07,2.703342679657555e-07,2.595522552491337e+17,7.30806164365809e-14,4.1350037155362466e+26,8.707112403407663,10269.2,full_path,0.3443334955023234
0.8994,1.8581234013843514e-11,18827.4347295717,1.21863423537651,0.0,0.0010001,7.0,0.001,2220000000.0,3141592.653589793,45.0,1.4191964485114086e-05,9.659384446620077e-09,2.6693633024087853e-09,0.00935800230994192,2639679767.026135,968965367.3052602,2811903831.1229935,-1.8150605285591012e-06,-7.65739518309157e-06,7.869570872186568e-06,7.906803155484168e+18,6.193014571236726e-11,1.7641024282362106e+26,9.44900046345774,10269.2,porosity,1.9004976257615924
0.545,2.0413472731631518e-10,206839.505477594,1.21863423537651,0.0,0.0010001,7.0,0.001,2220000000.0,3141592.653589793,45.0,6.042850865408213e-05,9.659384446620077e-09,3.798618828980758e-10,0.005657657013157231,451089059.9250174,16630203.721989943,451395506.91147876,-6.207315410900333e-09,3.8151725246887616e-08,3.865339446833102e-08,2.0375790365987088e+17,1.4940849039244029e-15,4.63321706646355e+27,8.654557231894461,10269.2,permeability,0.3050872791841195
0.545,1.8581234013843514e-11,18827.4347295717,1.03987766650634,0.0,0.0010001,7.0,0.001,2220000000.0,3141592.653589793,45.0,1.6841281856298396e-05,9.659384446620077e-09,1.597359007227557e-09,0.00664223908117021,1724235367.8273723,166289403.7406098,1732235483.259479,-1.5147409905186005e-07,5.695038023642709e-07,5.893038126390624e-07,3.000639769463201e+18,3.4727898359093515e-13,9.687940041244741e+26,9.238606930480712,10269.2,tortuosity,1.1707759656488148
0.545,1.8581234013843514e-11,18827.4347295717,1.21863423537651,3.88193531312219e-09,0.0010038819353131222,5.410951705781286,0.001,2220000000.0,3141592.653589793,45.0,1.823142881860567e-05,9.641172325810223e-09,8.5842945509944e-10,0.005680098283152162,1007108157.189783,31045395.47577413,1007586550.5545654,-3.750082612334757e-08,1.898368489335065e-07,1.935054034721938e-07,1.0152306568584479e+18,3.7444341172936515e-14,2.0682948205203235e+27,9.003282361824368,10269.2,fluid_chemistry,0.6810033209114061
0.91685,2.5951370230963205e-10,262952.24999717,1.03200592566476,2.32172961229036e-08,0.0010232172961229036,4.634188359415623,0.001,2220000000.0,3141592.653589793,45.0,4.8341162615846065e-05,9.549645030940974e-09,4.951308810510452e-10,0.011492693438027756,294620773.8338435,161257016.4617908,335864892.0810436,-2.028403976619929e-08,-1.422021762818925e-07,1.4364157200665545e-07,1.1280522573261107e+17,2.0632901208543182e-14,4.69224655681294e+26,8.526164609461375,10719.2,full_path,0.22700293762243426
0.91685,1.8581234013843514e-11,18827.4347295717,1.21863423537651,0.0,0.0010001,7.0,0.001,2220000000.0,3141592.653589793,45.0,1.4056260999739344e-05,9.659384446620077e-09,2.747427596363652e-09,0.009539838730908141,2473685349.192164,999600144.1456188,2668017926.2860847,-1.2207269892551017e-06,-7.804896246187717e-06,7.89978352842981e-06,7.118319654983899e+18,6.240657979605094e-11,1.541243439351118e+26,9.42618874325837,10719.2,porosity,1.8032486311493217
0.545,2.5951370230963205e-10,262952.24999717,1.21863423537651,0.0,0.0010001,7.0,0.001,2220000000.0,3141592.653589793,45.0,6.813395141050056e-05,9.659384446620077e-09,3.369020422292168e-10,0.005657208742508287,400299964.9676571,14903588.59657546,400577307.0284479,-3.946321718990534e-09,3.02321981613649e-08,3.0488674303383734e-08,1.6046217890616342e+17,9.295592607778117e-16,5.211490906891146e+27,8.60268634258243,10719.2,permeability,0.27074048995391775
0.545,1.8581234013843514e-11,18827.4347295717,1.03200592566476,0.0,0.0010001,7.0,0.001,2220000000.0,3141592.653589793,45.0,1.6777417591556493e-05,9.659384446620077e-09,1.6156703946498777e-09,0.006692967432948316,1736358200.9671564,173481391.22042194,1745003035.8614488,-1.560392928782069e-07,5.785952682901657e-07,5.992668399049789e-07,3.0450355951656724e+18,3.5912074540969964e-13,9.511194261777969e+26,9.241796186857794,10719.2,tortuosity,1.1794052449073231
0.545,1.8581234013843514e-11,18827.4347295717,1.21863423537651,2.32172961229036e-08,0.0010232172961229036,4.634188359415623,0.001,2220000000.0,3141592.653589793,45.0,1.823142881860567e-05,9.549645030940974e-09,6.609041045355635e-10,0.0057869270213776955,768295613.6212171,25942169.197178446,768733468.7993346,-2.3278635483347197e-08,1.0965897500689927e-07,1.1210256763130054e-07,5.909511460522577e+17,1.2566985669530311e-14,2.662316220891188e+27,8.885775789614144,10719.2,fluid_chemistry,0.5195683138683789
0.9327,3.663947271098806e-10,371249.444723699,1.02202862406181,5.466280176774e-08,0.00105466280176774,4.262308112103934,0.001,2220000000.0,3141592.653589793,45.0,5.667351408713396e-05,9.40620307734387e-09,3.7075935785475414e-10,0.012167381562205426,202868580.61084878,114264530.3845853,232834799.59634528,-1.8229680478791867e-08,-8.887611234581301e-08,9.072642721977109e-08,5.4212043903070264e+16,8.231284596064421e-15,4.836378064099668e+26,8.367047890682278,11169.2,full_path,0.15736739604313132
0.9327,1.8581234013843514e-11,18827.4347295717,1.21863423537651,0.0,0.0010001,7.0,0.001,2220000000.0,3141592.653589793,45.0,1.3936315476951518e-05,9.659384446620077e-09,2.818981357116504e-09,0.009705009223307337,2366586218.880256,1010809134.5616336,2573415131.2812295,-8.149433940318248e-07,-8.278707008772722e-06,8.318721204162253e-06,6.622465437907188e+18,6.92011224725787e-11,1.3529251881419393e+26,9.410509850214316,11169.2,porosity,1.7393088956195564
0.545,3.663947271098806e-10,371249.444723699,1.21863423537651,0.0,0.0010001,7.0,0.001,2220000000.0,3141592.653589793,45.0,8.095767684572838e-05,9.659384446620077e-09,2.835363738025059e-10,0.005656651889267084,337129859.3406395,12706354.82575895,337369224.3106912,-2.304836883021271e-09,2.153647016411644e-08,2.165945105923077e-08,1.1381799351199746e+17,4.691318201872129e-16,6.176571050171478e+27,8.528105462599127,11169.2,permeability,0.2280196793044071
0.545,1.8581234013843514e-11,18827.4347295717,1.02202862406181,0.0,0.0010001,7.0,0.001,2220000000.0,3141592.653589793,45.0,1.6696119653584506e-05,9.659384446620077e-09,1.6393876063014023e-09,0.006758388760838722,1751890856.4059448,182880145.863777,1761410434.9951806,-1.6454056135939752e-07,5.896447084812441e-07,6.121719354661704e-07,3.1025667205099116e+18,3.747544785723971e-13,9.290956059981515e+26,9.245860564873896,11169.2,tortuosity,1.1904946081897534
0.545,1.8581234013843514e-11,18827.4347295717,1.21863423537651,5.466280176774e-08,0.00105466280176774,4.262308112103934,0.001,2220000000.0,3141592.653589793,45.0,1.823142881860567e-05,9.40620307734387e-09,5.648215620261049e-10,0.005963803646493818,646804653.631833,24912381.475105815,647284239.5042201,-1.6687149089659057e-08,7.720930542101575e-08,7.899201091462478e-08,4.189768867105566e+17,6.2397377883362e-15,3.0658566790933753e+27,8.811095032663415,11169.2,fluid_chemistry,0.4374837242849009
