Time_s,Time_min,Porosity_raw,Porosity_used,valid_poroelastic,Permeability_mD,k0_m2,Tortuosity,OutletHConc_raw,ElectrolyteConcentration_input_molL,FluidConductivity_input_S_m,cH_molL,pH,C_molL,zeta,omega0_rad_s,theta_deg,omega_t,Lambda_m,L_abs,sigma_abs,RE_real,RE_imag,RE_abs,TTM_real,TTM_imag,TTM_abs,matrix_cond,RE_abs_norm,TTM_abs_norm,L_abs_norm,sigma_abs_norm,Amax_waveform_schakel2011,Amax_waveform_schakel2011_RE,Amax_waveform_schakel2011_TE,Amax_waveform_spectral,Amax_waveform_spectral_RE,Amax_waveform_spectral_TE,Amax_waveform_schakel2011_norm,Amax_waveform_schakel2011_RE_norm,Amax_waveform_schakel2011_TE_norm,Amax_waveform_spectral_norm,Amax_waveform_spectral_RE_norm,Amax_waveform_spectral_TE_norm
0.1,0.0016666666666666668,0.545,0.545,True,18827.4347295717,1.8581234013843514e-11,1.21863423537651,0.0,,,1e-07,7.0,0.0010001,-0.06499891431807844,3141592.653589793,45.0,24068.475044878887,1.823142881860567e-05,1.2591082491049487e-09,0.0056668312089938715,1478876215.7538762,45038663.80946859,1479561875.2726254,-7.907110365964766e-08,4.100234914037506e-07,4.175781399174007e-07,1.4114610622033793e+27,1.0,1.0,1.0,1.0,1.4613803996998316,1.4613803996998316,1.2007026612166636,1.4613803996998316,1.4613803996998316,1.2007026612166636,1.0,1.0,1.0,1.0,1.0,1.0
0.2,0.0033333333333333335,0.545,0.545,True,18827.4347295717,1.8581234013843514e-11,1.21863423537651,2.22044604925031e-16,,,1e-07,7.0,0.0010001,-0.06499891431807844,3141592.653589793,45.0,24068.475044878887,1.823142881860567e-05,1.2591082491049487e-09,0.0056668312089938715,1478876215.7538762,45038663.80946859,1479561875.2726254,-7.907110365964766e-08,4.100234914037506e-07,4.175781399174007e-07,1.4114610622033793e+27,1.0,1.0,1.0,1.0,1.4613803996998316,1.4613803996998316,1.2007026612166636,1.4613803996998316,1.4613803996998316,1.2007026612166636,1.0,1.0,1.0,1.0,1.0,1.0
0.4,0.006666666666666667,0.545,0.545,True,18827.4347295717,1.8581234013843514e-11,1.21863398459518,2.22044604925031e-16,,,1e-07,7.0,0.0010001,-0.06499891431807844,3141592.653589793,45.0,24068.47999790356,1.8231426942693248e-05,1.2591086377804992e-09,0.005666832376516574,1478876513.9364324,45038793.11487579,1479562177.253129,-8.119161365733584e-08,4.0946642646697967e-07,4.174384176521377e-07,1.411933476847531e+27,1.000000204101301,0.9996653985160942,1.0000003086911318,1.0000002060274358,1.4613808012133755,1.4613808012133755,1.2007025970887728,1.4613808012133755,1.4613808012133755,1.2007025970887728,1.0000002747495067,1.0000002747495067,0.9999999465913645,1.0000002747495067,1.0000002747495067,0.9999999465913645
0.8,0.013333333333333334,0.545,0.545,True,18827.4347295717,1.8581234013843514e-11,1.21863398459518,2.22044604925031e-16,,,1e-07,7.0,0.0010001,-0.06499891431807844,3141592.653589793,45.0,24068.47999790356,1.8231426942693248e-05,1.2591086377804992e-09,0.005666832376516574,1478876513.9364324,45038793.11487579,1479562177.253129,-8.119161365733584e-08,4.0946642646697967e-07,4.174384176521377e-07,1.411933476847531e+27,1.000000204101301,0.9996653985160942,1.0000003086911318,1.0000002060274358,1.4613808012133755,1.4613808012133755,1.2007025970887728,1.4613808012133755,1.4613808012133755,1.2007025970887728,1.0000002747495067,1.0000002747495067,0.9999999465913645,1.0000002747495067,1.0000002747495067,0.9999999465913645
1.6,0.02666666666666667,0.545,0.545,True,18827.4347295717,1.8581234013843514e-11,1.2186338597214,2.22044604925031e-16,,,1e-07,7.0,0.0010001,-0.06499891431807844,3141592.653589793,45.0,24068.48246420798,1.8231426008603403e-05,1.2591088313172497e-09,0.0056668329578717265,1478876675.9152272,45038850.562577106,1479562340.9056036,-7.877485907456178e-08,4.101139170970552e-07,4.1761094743661514e-07,1.4113501171572732e+27,1.000000314710041,1.0000785661797835,1.0000004624005137,1.0000003086165425,1.461381001275629,1.461381001275629,1.2007025650010912,1.461381001275629,1.461381001275629,1.2007025650010912,1.0000004116490118,1.0000004116490118,0.9999999198672781,1.0000004116490118,1.0000004116490118,0.9999999198672781
3.2,0.05333333333333334,0.5451,0.5451,True,18833.8181813924,1.8587533991179785e-11,1.21871261371758,2.22044604925031e-16,,,1e-07,7.0,0.0010001,-0.06499891431807844,3141592.653589793,45.0,24063.18445769358,1.8233432910431657e-05,1.2591198676372764e-09,0.005667505035909532,1478720744.7790406,45130291.203066766,1479409268.6690705,-7.93844894650501e-08,4.0996745454092973e-07,4.175825797975724e-07,1.41117783960185e+27,0.9998968568965547,1.0000106324535394,1.0000092275881252,1.0001189071794818,1.4613038066737092,1.4613038066737092,1.2001688240444452,1.4613038066737092,1.4613038066737092,1.2001688240444452,0.9999475885771164,0.9999475885771164,0.9995553960281246,0.9999475885771164,0.9999475885771164,0.9995553960281246
6.4,0.10666666666666667,0.54545,0.54545,True,18923.4850388429,1.8676028302035464e-11,1.21822216091196,2.22044604925031e-16,,,1e-07,7.0,0.0010001,-0.06499891431807844,3141592.653589793,45.0,23974.189130478564,1.8267244006151798e-05,1.2581024381733699e-09,0.005673402894087003,1476515977.6403482,45772394.04358648,1477225285.5552244,-8.016048276820118e-08,4.0890939990182567e-07,4.1669245292625865e-07,1.410598369637251e+27,0.9984207556598669,0.9978789910043728,0.9992011719943112,1.0011596754607235,1.4597762163164485,1.4597762163164485,1.1959796211425955,1.4597762163164485,1.4597762163164485,1.1959796211425955,0.9989022821274238,0.9989022821274238,0.9960664365736625,0.9989022821274238,0.9989022821274238,0.9960664365736625
12.8,0.21333333333333335,0.54565,0.54565,True,18974.5653238366,1.8726440625466387e-11,1.21910831589282,2.22044604925031e-16,,,1e-07,7.0,0.0010001,-0.06499891431807844,3141592.653589793,45.0,23901.030598223475,1.8295179698464032e-05,1.2557284091113552e-09,0.00567133768194813,1473850337.0560126,45557353.89597155,1474554267.7480965,-8.051737849145365e-08,4.0744545293124595e-07,4.153249876343635e-07,1.413450455522905e+27,0.9966154794819877,0.9946042379433873,0.9973156875145596,1.0007952368419066,1.4570524791314867,1.4570524791314867,1.1938998606174198,1.4570524791314867,1.4570524791314867,1.1938998606174198,0.9970384709078938,0.9970384709078938,0.9943343170470277,0.9970384709078938,0.9970384709078938,0.9943343170470277
25.6,0.4266666666666667,0.5465,0.5465,True,19083.7851282926,1.8834232195305457e-11,1.22071961746299,2.22044604925031e-16,,,1e-07,7.0,0.0010001,-0.06499891431807844,3141592.653589793,45.0,23769.843486556725,1.8345596297331538e-05,1.252572445208315e-09,0.005672638731367909,1469309408.9773617,45811570.9115808,1470023414.5546086,-8.002717987938813e-08,4.0583875928915766e-07,4.136537780086274e-07,1.415077504815219e+27,0.9935531856575722,0.9906020896842215,0.9948091803057604,1.0010248271317523,1.4529139637330255,1.4529139637330255,1.187913660546141,1.4529139637330255,1.4529139637330255,1.187913660546141,0.9942065488434462,0.9942065488434462,0.98934873629949,0.9942065488434462,0.9942065488434462,0.98934873629949
51.2,0.8533333333333334,0.5486,0.5486,True,19407.8067693067,1.915401670252651e-11,1.22119785160067,2.22044604925031e-16,,,1e-07,7.0,0.0010001,-0.06499891431807844,3141592.653589793,45.0,23453.621378771906,1.8468857845640457e-05,1.2485040634015566e-09,0.005692119080215671,1460419928.9506466,48105165.35376991,1461211988.662126,-8.19401898584589e-08,4.026071006501533e-07,4.1086089155328834e-07,1.4120068174950236e+27,0.9875977565270001,0.9839137930796831,0.9915780190377355,1.004462435934507,1.4464563548453986,1.4464563548453986,1.1707399065623902,1.4464563548453986,1.4464563548453986,1.1707399065623902,0.989787706980675,0.989787706980675,0.9750456498331467,0.989787706980675,0.989787706980675,0.9750456498331467
102.4,1.7066666666666668,0.5527,0.5527,True,19802.5074415921,1.9543555992530635e-11,1.22660304735036,2.22044604925031e-16,,,1e-07,7.0,0.0010001,-0.06499891431807844,3141592.653589793,45.0,23055.887155955254,1.862747866101359e-05,1.2416274473109072e-09,0.00570927768650223,1446876916.0744033,50505545.483511865,1447758136.0135963,-8.1050234837402e-08,3.996101892934051e-07,4.0774678901777883e-07,1.4080571275017147e+27,0.9785046237061434,0.9764562606137223,0.9861165219063032,1.0074903373583797,1.435610689931774,1.435610689931774,1.1458592233226115,1.435610689931774,1.435610689931774,1.1458592233226115,0.9823661862624197,0.9823661862624197,0.9543238807862059,0.9823661862624197,0.9823661862624197,0.9543238807862059
204.8,3.4133333333333336,0.56015,0.56015,True,20513.3814918231,2.0245134156068977e-11,1.2301251315222,2.22044604925031e-16,,,1e-07,7.0,0.0010001,-0.06499891431807844,3141592.653589793,45.0,22492.327065985493,1.8859396814894152e-05,1.239329580942726e-09,0.005769506556925589,1430432643.1292684,57721680.88755488,1431596779.4648986,-8.743642442927049e-08,3.9727990341719394e-07,4.0678796685269646e-07,1.3849061284086577e+27,0.9675815546417152,0.9741601103284798,0.9842915268196499,1.0181186529375994,1.4267096069325953,1.4267096069325953,1.0992701054947556,1.4267096069325953,1.4267096069325953,1.0992701054947556,0.9762753128655909,0.9762753128655909,0.9155223362134243,0.9762753128655909,0.9762753128655909,0.9155223362134243
409.6,6.826666666666667,0.5718,0.5718,True,21430.1443872753,2.114990881816622e-11,1.2319199734279,2.22044604925031e-16,,,1e-07,7.0,0.0010001,-0.06499891431807844,3141592.653589793,45.0,21945.887826952217,1.9092746923624726e-05,1.2478213879254942e-09,0.00588075896678847,1416037080.9764555,70463937.47295143,1417789187.850053,-9.761979603510754e-08,4.011939611122099e-07,4.128997687221941e-07,1.332472602070458e+27,0.9582493382298121,0.9887964173696161,0.9910358293756888,1.037750861090599,1.4263470895892663,1.4263470895892663,1.0290382225892611,1.4263470895892663,1.4263470895892663,1.0290382225892611,0.9760272478556842,0.9760272478556842,0.8570300173621203,0.9760272478556842,0.9760272478556842,0.8570300173621203
819.2,13.653333333333334,0.58865,0.58865,True,22801.1420343216,2.250297834028139e-11,1.22062746622211,2.22044604925031e-16,,,1e-07,7.0,0.0010001,-0.06499891431807844,3141592.653589793,45.0,21430.584099843407,1.932092832708488e-05,1.2811643618080217e-09,0.0061099038966607126,1408574836.9651005,94907672.95413157,1411768585.0438902,-1.1883860759251054e-07,4.171912886239215e-07,4.3378702834249765e-07,1.2264842259622348e+27,0.9541801587606847,1.038816419911979,1.0175172489885218,1.0781870275161252,1.4472216786980254,1.4472216786980254,0.949387490202344,1.4472216786980254,1.4472216786980254,0.949387490202344,0.9903114062534886,0.9903114062534886,0.7906932506007244,0.9903114062534886,0.9903114062534886,0.7906932506007244
1269.2,21.153333333333332,0.6039,0.6039,True,24448.1162310331,2.412841554951475e-11,1.20379736595142,2.22044604925031e-16,,,1e-07,7.0,0.0010001,-0.06499891431807844,3141592.653589793,45.0,20791.35707079853,1.9615689346261996e-05,1.3127029106333765e-09,0.006355617189818246,1395973528.8112416,119080995.09922113,1401043317.151733,-1.3856237941615723e-07,4.3310609322911617e-07,4.547311524204769e-07,1.1295011562760004e+27,0.9469312102230096,1.0889725992611232,1.042565570963836,1.1215469378602978,1.4620685817577004,1.4620685817577004,0.9204223074308465,1.4620685817577004,1.4620685817577004,0.9204223074308465,1.000470912336042,1.000470912336042,0.7665697238466924,1.000470912336042,1.000470912336042,0.7665697238466924
1719.2,28.653333333333332,0.6176,0.6176,True,26601.378262903,2.6253520019772498e-11,1.19961590465876,2.22044604925031e-16,,,1e-07,7.0,0.0010001,-0.06499891431807844,3141592.653589793,45.0,19609.997183158008,2.0197900473470525e-05,1.3083272777222317e-09,0.0065220508724624544,1356032469.1039886,132192612.38588706,1362460621.0946667,-1.5241142656546737e-07,4.300265867649511e-07,4.562368992885548e-07,1.0836200941508906e+27,0.9208541013829641,1.0925785036994538,1.0390903869085688,1.1509167349313771,1.4315681257760153,1.4315681257760153,0.871220947123199,1.4315681257760153,1.4315681257760153,0.871220947123199,0.9795999221489903,0.9795999221489903,0.7255925844624987,0.9795999221489903,0.9795999221489903,0.7255925844624987
2169.2,36.15333333333333,0.63155,0.63155,True,29142.1510259923,2.876106785967071e-11,1.20661132634772,2.22044604925031e-16,,,1e-07,7.0,0.0010001,-0.06499891431807844,3141592.653589793,45.0,18198.489189134292,2.0966566986488547e-05,1.2813552889436475e-09,0.006630192279312014,1300360077.1613796,137187340.13502327,1307576650.360686,-1.5853142544080723e-07,4.1802724244614437e-07,4.47078279811737e-07,1.0654325217229468e+27,0.8837593562078983,1.0706457955394206,1.0176688857804825,1.1699999584934142,1.3810102497302492,1.3810102497302492,0.8225857854920782,1.3810102497302492,1.3810102497302492,0.8225857854920782,0.9450039496998246,0.9450039496998246,0.6850870011885855,0.9450039496998246,0.9450039496998246,0.6850870011885855
2619.2,43.65333333333333,0.64575,0.64575,True,31134.7397674249,3.0727600115908216e-11,1.20564024916211,2.22044604925031e-16,,,1e-07,7.0,0.0010001,-0.06499891431807844,3141592.653589793,45.0,17430.82868046343,2.1423280605083147e-05,1.2832660399478959e-09,0.006784436586877359,1267779841.2196295,146773477.5695208,1276247695.2068198,-1.719779766034511e-07,4.250363353571828e-07,4.5851097130873617e-07,1.0163967728216574e+27,0.8625848749797349,1.0980243635345284,1.019186428855597,1.1972187518325457,1.3672915016463296,1.3672915016463296,0.7931734310662092,1.3672915016463296,1.3672915016463296,0.7931734310662092,0.935616422614654,0.935616422614654,0.6605910494630637,0.935616422614654,0.935616422614654,0.6605910494630637
3069.2,51.15333333333333,0.6596,0.6596,True,32748.0292035543,3.2319793050068184e-11,1.18435844849789,2.22044604925031e-16,,,1e-07,7.0,0.0010001,-0.06499891431807844,3141592.653589793,45.0,17231.73127741095,2.1546688683854712e-05,1.3267002337807582e-09,0.0070543935761273715,1259677467.0641422,166912654.85417256,1270687670.2713382,-2.0033827071765693e-07,4.577690371208112e-07,4.99687816602182e-07,9.22773744640841e+26,0.8588269889268404,1.1966330821364908,1.0536824254180355,1.244856837262294,1.389900973278648,1.389900973278648,0.7829212589877673,1.389900973278648,1.389900973278648,0.7829212589877673,0.9510877342847451,0.9510877342847451,0.6520525724449038,0.9510877342847451,0.9510877342847451,0.6520525724449038
3519.2,58.65333333333333,0.6743,0.6743,True,34099.1326719156,3.365322854370476e-11,1.1743870324438,2.22044604925031e-16,,,1e-07,7.0,0.0010001,-0.06499891431807844,3141592.653589793,45.0,17061.420140206086,2.165396371256331e-05,1.3610066379547303e-09,0.007272770645590466,1244932267.565373,180505829.69334325,1257950199.880243,-2.2952280143149195e-07,4.942695878933584e-07,5.44961596714145e-07,8.486390417779115e+26,0.8502180415053288,1.3050529819926433,1.0809290137859213,1.2833928482019714,1.3960882230434912,1.3960882230434912,0.7775032988875332,1.3960882230434912,1.3960882230434912,0.7775032988875332,0.9553215735822436,0.9553215735822436,0.6475402478909262,0.9553215735822436,0.9553215735822436,0.6475402478909262
3969.2,66.15333333333334,0.6898,0.6898,True,35544.2467190168,3.507944526794624e-11,1.15851985250039,2.22044604925031e-16,,,1e-07,7.0,0.0010001,-0.06499891431807844,3141592.653589793,45.0,16973.327567800254,2.171008366553367e-05,1.4077122331785783e-09,0.007541808433874025,1228944511.5726118,195820570.66891947,1244447792.5656612,-2.716977763224496e-07,5.490070204699201e-07,6.125588871152089e-07,7.660458141503406e+26,0.8410920917628796,1.4669323620158288,1.1180231994979515,1.330868726406455,1.3997517534616817,1.3997517534616817,0.7821528301113898,1.3997517534616817,1.3997517534616817,0.7821528301113898,0.9578284707726965,0.9578284707726965,0.6514125897904147,0.9578284707726965,0.9578284707726965,0.6514125897904147
4419.2,73.65333333333334,0.7056,0.7056,True,36736.776810598,3.625638100127886e-11,1.14521715886173,2.66142132087097e-16,,,1e-07,7.0,0.0010001,-0.06499891431807844,3141592.653589793,45.0,16993.634518429004,2.169710829581092e-05,1.4575536713341118e-09,0.007804175345922136,1208345094.4149172,207468524.9351184,1226026531.5381021,-3.1838920500739424e-07,6.287718389601565e-07,7.047877065716863e-07,6.896098935911545e+26,0.8286416080518386,1.6877983763975224,1.157607912083993,1.377167425339239,1.3927173639354813,1.3927173639354813,0.79260723144106,1.3927173639354813,1.3927173639354813,0.79260723144106,0.9530149468417302,0.9530149468417302,0.6601194925627272,0.9530149468417302,0.9530149468417302,0.6601194925627272
4869.2,81.15333333333334,0.7221,0.7221,True,38627.677176229,3.812255463009861e-11,1.13254520292666,5.36064138891596e-16,,,1e-07,7.0,0.0010001,-0.06499891431807844,3141592.653589793,45.0,16724.756545308373,2.187082125262468e-05,1.496346602673108e-09,0.008075908146499252,1162968364.70159,212744990.61095986,1182267249.113646,-3.694728636195788e-07,7.37317403136948e-07,8.247103430416431e-07,6.227356234577029e+26,0.7990657699907281,1.9749844740550244,1.1884177581528856,1.4251188801392065,1.3845608759196175,1.3845608759196175,0.8049217639076192,1.3845608759196175,1.3845608759196175,0.8049217639076192,0.9474335882731199,0.9474335882731199,0.6703755974788942,0.9474335882731199,0.9474335882731199,0.6703755974788942
5319.2,88.65333333333334,0.7365,0.7365,True,41102.9384991006,4.056544770322942e-11,1.12038213197898,1.31536507814765e-15,,,1e-07,7.0,0.0010001,-0.06499891431807844,3141592.653589793,45.0,16205.047326016424,2.22187612161171e-05,1.518594606468097e-09,0.008326126387092738,1089628998.471472,209763097.81453502,1109635936.4740732,-4.060915921865354e-07,8.864952996783982e-07,9.750816876531363e-07,5.7170580790688734e+26,0.7499760267002086,2.3350879618507157,1.2060874095198781,1.4692737581239896,1.3807657019784936,1.3807657019784936,0.8180646294413458,1.3807657019784936,1.3807657019784936,0.8180646294413458,0.9448366094564452,0.9448366094564452,0.6813215759948484,0.9448366094564452,0.9448366094564452,0.6813215759948484
5769.2,96.15333333333334,0.75115,0.75115,True,44540.0525416459,4.395761563657456e-11,1.11048806370079,2.78458255510668e-15,,,1e-07,7.0,0.0010001,-0.06499891431807844,3141592.653589793,45.0,15387.874991885554,2.280109314512213e-05,1.5226904796652703e-09,0.008566986629189522,940166789.2051129,179547537.84496728,957157724.6569351,-4.232769104971383e-07,1.1957993750438753e-06,1.2685028530970379e-06,5.300873154497706e+26,0.6469197001176908,3.0377616350988936,1.209340404804505,1.5117772725598022,1.357911918436292,1.357911918436292,0.8168938210619667,1.357911918436292,1.357911918436292,0.8168938210619667,0.9291981189259196,0.9291981189259196,0.6803464733177271,0.9291981189259196,0.9291981189259196,0.6803464733177271
6219.2,103.65333333333334,0.7653,0.7653,True,47405.3340968944,4.678542876450955e-11,1.10464981505447,9.99743003044623e-15,,,1e-07,7.0,0.0010001,-0.06499891431807844,3141592.653589793,45.0,14808.002369225098,2.3243244779480343e-05,1.529904896445217e-09,0.008774190903354748,728202957.7579746,-19064715.863133594,728452476.8839794,-7.310843366338924e-07,1.8927576781778523e-06,2.0290431083573933e-06,4.927274968914145e+26,0.4923433680323468,4.859074061584616,1.2150701875972674,1.548341670990511,1.33136600021582,1.33136600021582,0.829429231299926,1.33136600021582,1.33136600021582,0.829429231299926,0.9110331577522754,0.9110331577522754,0.6907865353271319,0.9110331577522754,0.9110331577522754,0.6907865353271319
6669.2,111.15333333333334,0.7804,0.7804,True,50972.6847053333,5.0306130199247066e-11,1.09799679660201,2.77295831303905e-14,,,1e-07,7.0,0.0010001,-0.06499891431807844,3141592.653589793,45.0,14128.4746644189,2.3795638080923302e-05,1.5331068923471755e-09,0.00900114659277452,631731412.7349507,-652007026.2645358,907853369.2917705,-2.325782890061158e-06,2.987317757342106e-06,3.785938910631378e-06,4.55149539962015e+26,0.6135960816944466,9.066420266588327,1.217613254012911,1.588391512083284,1.2938999337226265,1.2938999337226265,0.840653178903272,1.2938999337226265,1.2938999337226265,0.840653178903272,0.8853957080500015,0.8853957080500015,0.7001343513734233,0.8853957080500015,0.8853957080500015,0.7001343513734233
7119.2,118.65333333333334,0.79425,0.79425,True,55229.8850057114,5.450766036845722e-11,1.08542198582978,7.03873657780734e-14,,,1e-07,7.0,0.0010001,-0.06499891431807844,3141592.653589793,45.0,13424.591152299416,2.4411499627129864e-05,1.5385699106907775e-09,0.009266607825031048,2155123398.779442,-1268281293.9038644,2500618784.307819,-6.542535461263849e-06,-1.9995591842464362e-07,6.545590319536353e-06,4.165180952693237e+26,1.6901076096239993,15.675126865671434,1.2219520535938728,1.635236251668118,1.2752121264731242,1.2752121264731242,0.838261425609859,1.2752121264731242,1.2752121264731242,0.838261425609859,0.8726079306490313,0.8726079306490313,0.6981423900239003,0.8726079306490313,0.8726079306490313,0.6981423900239003
7569.2,126.15333333333334,0.8078,0.8078,True,62701.3739978356,6.188144694047811e-11,1.07498664205791,2.59925567792322e-13,,,1e-07,7.0,0.0010001,-0.06499891431807844,3141592.653589793,45.0,12143.400569074789,2.5666983589199815e-05,1.5027200573439375e-09,0.009515380298848797,2241793261.267111,333921807.8369632,2266526152.509989,-2.427326902669482e-06,-3.252509915640385e-06,4.058415533648822e-06,3.911155729693246e+26,1.5318900752916174,9.718936758642583,1.1934796379994834,1.6791360017476546,1.2323489328673898,1.2323489328673898,0.8452686877129162,1.2323489328673898,1.2323489328673898,0.8452686877129162,0.8432773103570536,0.8432773103570536,0.7039783578529021,0.8432773103570536,0.8432773103570536,0.7039783578529021
8019.2,133.65333333333334,0.82375,0.82375,True,72510.8002816605,7.156259829961731e-11,1.07137341733354,1.57076409245223e-12,,,1e-07,7.0,0.0010001,-0.06499891431807844,3141592.653589793,45.0,10744.060878066628,2.728731241909009e-05,1.446255039417063e-09,0.009735033083761366,1616634328.7558193,586239622.5779696,1719646314.7961962,-7.796735417897756e-07,-2.2248127392811764e-06,2.357473765842332e-06,3.7012546947616384e+26,1.1622672519047792,5.645587114087565,1.1486343929881722,1.7178971324063474,1.1617776890889422,1.1617776890889422,0.8272142881410145,1.1617776890889422,1.1617776890889422,0.8272142881410145,0.7949864999746623,0.7949864999746623,0.6889418295307217,0.7949864999746623,0.7949864999746623,0.6889418295307217
8469.2,141.15333333333334,0.83965,0.83965,True,87727.5741671511,8.658038699803953e-11,1.06995132308093,8.77029178748822e-12,,,1e-07,7.0,0.0010001,-0.06499891431807844,3141592.653589793,45.0,9063.89257219039,2.970897160910311e-05,1.355802623242229e-09,0.009934871686477623,1272236390.8495448,560541198.4357078,1390248851.589389,-3.2879912738624225e-07,-1.527955728979771e-06,1.5629323644649686e-06,3.584755387694449e+26,0.9396354926577305,3.742850056217323,1.0767959182270601,1.7531617442054586,1.0623613186965044,1.0623613186965044,0.7804933879403202,1.0623613186965044,1.0623613186965044,0.7804933879403202,0.7269574156836331,0.7269574156836331,0.6500305305806949,0.7269574156836331,0.7269574156836331,0.6500305305806949
8919.2,148.65333333333334,0.85615,0.85615,True,108230.266466499,1.0681497174099655e-10,1.06257754493758,6.48662836803161e-11,,,1e-07,7.0,0.0010001,-0.06499891431807844,3141592.653589793,45.0,7543.225609960328,3.256615194856855e-05,1.2699055921302215e-09,0.0101991259686592,1038532625.8863921,501911515.25935423,1153457924.7551363,-1.5925132039873538e-07,-1.0955582407264702e-06,1.107072193613596e-06,3.390139326384452e+26,0.7795942461295166,2.6511737272276297,1.0085753889968938,1.7997934987850155,0.9871035215837455,0.9871035215837455,0.770346950540419,0.9871035215837455,0.9871035215837455,0.770346950540419,0.6754596693554239,0.6754596693554239,0.6415801142306388,0.6754596693554239,0.6754596693554239,0.6415801142306388
9369.2,156.15333333333334,0.87075,0.87075,True,137344.031536101,1.3554802483891289e-10,1.05121977839913,2.23064398095441e-10,,,2.23064398095441e-07,6.651569739193987,0.0010002230643980955,-0.06046815374186741,3141592.653589793,45.0,6110.922362154706,3.6181920114527665e-05,1.0931426156580755e-09,0.01048302563828253,807033914.5523136,409859436.3240156,905145566.6253195,-8.139979793478576e-08,-7.070170924147722e-07,7.116874988858962e-07,3.4559996740804213e+26,0.6117659435219879,1.7043217325185458,0.868187954796697,1.8498919857794314,0.8390592644409394,0.8390592644409394,0.7000293948077811,0.8390592644409394,0.8390592644409394,0.7000293948077811,0.5741552744331884,0.5741552744331884,0.583016443137093,0.5741552744331884,0.5741552744331884,0.583016443137093
9819.2,163.65333333333334,0.885,0.885,True,166807.420403288,1.6462612980890035e-10,1.04566830117873,1.21191847709783e-09,,,1.21191847709783e-06,5.916526593154335,0.0010012119184770979,-0.05090454503397979,3141592.653589793,45.0,5141.034986176978,3.944752079734214e-05,8.624417672607731e-10,0.010717506864574684,593285253.8474922,309542602.47501487,669181601.0470463,-4.370018076905632e-08,-4.1639534996466874e-07,4.1868221035941705e-07,3.860269259446841e+26,0.4522836200572837,1.0026439852484488,0.6849623675119669,1.8912698242299588,0.6536192641454146,0.6536192641454146,0.5603439809701312,0.6536192641454146,0.6536192641454146,0.5603439809701312,0.4472615509826657,0.4472615509826657,0.46668005249720906,0.4472615509826657,0.4472615509826657,0.46668005249720906
10269.2,171.15333333333334,0.8994,0.8994,True,206839.505477594,2.0413472731631518e-10,1.03987766650634,3.88193531312219e-09,,,3.88193531312219e-06,5.410951705781286,0.0010038819353131222,-0.044313675169121824,3141592.653589793,45.0,4236.953905665866,4.3452835740696134e-05,6.965305400862641e-10,0.010979442304526764,449584373.137512,239637531.86778596,509462712.3245957,-3.040579576538061e-08,-2.686188824719051e-07,2.7033426796575603e-07,4.1350036996358076e+26,0.34433349550232334,0.6473860629275988,0.5531935324714143,1.937492383239015,0.5276850318662373,0.5276850318662373,0.45189750357379005,0.5276850318662373,0.5276850318662373,0.45189750357379005,0.36108670403313475,0.36108670403313475,0.3763608744865157,0.36108670403313475,0.36108670403313475,0.3763608744865157
10719.2,178.65333333333334,0.91685,0.91685,True,262952.24999717,2.5951370230963205e-10,1.03200592566476,2.32172961229036e-08,,,2.32172961229036e-05,4.634188359415623,0.0010232172961229036,-0.03411316240121368,3141592.653589793,45.0,3423.3854841407165,4.8341162615846065e-05,4.951308810510452e-10,0.011492693438027756,294620773.8338436,161257016.46179077,335864892.0810436,-2.0284039766199336e-08,-1.4220217628189282e-07,1.436415720066558e-07,4.692246556626163e+26,0.22700293762243423,0.3439872883074504,0.39323932743909396,2.0280634827781023,0.3629118645318158,0.3629118645318158,0.3357235547045609,0.3629118645318158,0.3629118645318158,0.3357235547045609,0.24833497466255747,0.24833497466255747,0.2796059053990724,0.24833497466255747,0.24833497466255747,0.2796059053990724
11169.2,186.15333333333334,0.9327,0.9327,True,371249.444723699,3.663947271098806e-10,1.02202862406181,5.466280176774e-08,,,5.466280176774e-05,4.262308112103934,0.00105466280176774,-0.029148554709931263,3141592.653589793,45.0,2490.747496527642,5.667351408713396e-05,3.7075935785475414e-10,0.012167381562205426,202868580.61084884,114264530.38458538,232834799.59634537,-1.8229680478791877e-08,-8.887611234581305e-08,9.072642721977113e-08,4.8363780664005e+26,0.15736739604313135,0.21726814348499499,0.29446186070047004,2.1471226358206117,0.2698095511215129,0.2698095511215129,0.259945047957491,0.2698095511215129,0.2698095511215129,0.259945047957491,0.1846265018861153,0.1846265018861153,0.21649410495525223,0.1846265018861153,0.1846265018861153,0.21649410495525223
11619.2,193.65333333333334,0.951,0.95,False,672778.377251706,6.639806562458987e-10,1.01659832715406,2.64597420429013e-07,,,0.000264597420429013,3.5774143940824037,0.001264597420429013,-0.019702282061762687,3141592.653589793,45.0,1407.404020458908,7.539379421074729e-05,1.9309661802116273e-10,0.014938229782842217,86663641.19386669,53099082.73165507,101637096.04235265,-7.492516923895444e-09,-2.879079310370874e-08,2.97497491988659e-08,6.0234790060672126e+26,0.06869404905666747,0.07124355026043884,0.15335982284162433,2.6360816533821647,,,,,,,,,,,,
12069.2,201.15333333333334,0.9641,0.95,False,1232602.58463909,1.2164842104205401e-09,1.01291593983559,8.26752833683047e-07,,,0.000826752833683047,3.0826243078738282,0.0018267528336830471,-0.01265761149631118,3141592.653589793,45.0,770.9810852669226,0.00010186456425514593,9.231728899828104e-11,0.021656845903737194,30014856.96859376,20816374.204828594,36526881.52416785,-1.2667185092038237e-09,-5.101305188844059e-09,5.256223968904567e-09,9.15355910061232e+26,0.02468763363981474,0.012587402132554826,0.0733195807937132,3.8216853661293895,,,,,,,,,,,,
12519.2,208.65333333333334,0.9774,0.95,False,2053874.74023785,2.027016836422182e-09,1.01058930624514,2.33935621313291e-06,,,0.00233935621313291,2.630903643253166,0.00333935621313291,-0.006549843683792214,3141592.653589793,45.0,463.7581458073035,0.00013134066716082021,3.7221802383832653e-11,0.03968043072817101,6898386.142903666,5515793.4717924055,8832423.733045932,-1.1409087621325086e-10,-5.210260583501309e-10,5.333712417397298e-10,1.317321720149526e+27,0.005969621061923119,0.0012772968475917672,0.02956203520252702,7.002225629235947,,,,,,,,,,,,
12969.2,216.15333333333334,0.9874,0.95,False,3553206.49832368,3.506742282907051e-09,1.00627443603553,5.82276466996916e-06,,,0.00582276466996916,2.23487076177229,0.00682276466996916,-0.0020739553403702283,3141592.653589793,45.0,269.2175177191376,0.00017238256385277705,9.036373215639081e-12,0.08142035274344371,829492.1676448463,733820.383531563,1107497.002917189,8.61014564264717e-11,-2.9060016652781546e-11,9.087323790104292e-11,4.982656666444195e+26,0.0007485303733668593,0.0002176197200337598,0.007176804077062229,14.367880344524968,,,,,,,,,,,,
13419.2,223.65333333333334,0.99495,0.95,False,4462221.74961077,4.403870614457635e-09,1.00507431887189,1.84668446707213e-05,,,0.018466844670721298,1.7336073037562454,0.0194668446707213,0.0017458104439796902,3141592.653589793,45.0,214.63022363722993,0.00019306322407523319,6.8127912586532204e-12,0.23258775008274782,-220412.65126432455,-208862.17657845354,303653.0020310319,-1.3868603544715618e-11,-2.1878775766421385e-12,1.4040120105286567e-11,3.226672997135805e+26,0.00020523170210443582,3.3622737311066575e-05,0.005410806627226984,41.04370529222857,,,,,,,,,,,,
13869.2,231.15333333333334,0.9987,0.95,False,4650952.6461532,4.590133533685249e-09,1.00377814955372,3.94609765745291e-05,,,0.0394609765745291,1.4038321710939374,0.0404609765745291,0.0029598648848731587,3141592.653589793,45.0,206.1866524427623,0.00019697663755987986,1.134514983865573e-11,0.48404764545976886,-176395.09113820296,-170649.159386673,245430.9755858723,7.911904239666152e-13,-4.852935405473205e-12,4.917007660831112e-12,3.6112526131300375e+26,0.00016588084600425984,1.1775060020631645e-05,0.009010464228727401,85.41769246479993,,,,,,,,,,,,
14319.2,238.65333333333334,1.0,0.95,False,4667231.38137131,4.606199396766532e-09,1.00370574582253,5.73310510253036e-05,,,0.0573310510253036,1.2416100964198882,0.0583310510253036,0.003162865844669777,3141592.653589793,45.0,205.48232017292287,0.00019731393742623168,1.2107251502168547e-11,0.6978833876117047,-130585.90968665287,-127099.70268631839,182227.91836500022,2.082109673463541e-13,-3.765437764378548e-12,3.77118991358582e-12,2.4336934615582108e+26,0.000123163431966252,9.03109993816195e-06,0.009615735192565948,123.1523159723001,,,,,,,,,,,,
