z_m,z_mm,side,distance_from_interface_m,distance_from_interface_mm,peak_abs,peak_signed,peak_time_s,peak_time_us,liu_dipole_peak_distance_m,liu_dipole_peak_distance_mm
-0.1,-100.0,R_E,0.1,100.0,2835366082976696.0,-2835366082976696.0,5.793101652721369e-05,57.93101652721369,0.03181980515339464,31.819805153394636
-0.099,-99.0,R_E,0.099,99.0,2847327194177320.0,-2847327194177320.0,5.793101652721369e-05,57.93101652721369,0.03181980515339464,31.819805153394636
-0.098,-98.0,R_E,0.098,98.0,2859435434577414.0,-2859435434577414.0,5.793101652721369e-05,57.93101652721369,0.03181980515339464,31.819805153394636
-0.097,-97.0,R_E,0.097,97.0,2871691122558137.0,-2871691122558137.0,5.793101652721369e-05,57.93101652721369,0.03181980515339464,31.819805153394636
-0.096,-96.0,R_E,0.096,96.0,2884094452012589.0,-2884094452012589.0,5.793101652721369e-05,57.93101652721369,0.03181980515339464,31.819805153394636
-0.095,-95.0,R_E,0.095,95.0,2896645481942980.5,-2896645481942980.5,5.793101652721369e-05,57.93101652721369,0.03181980515339464,31.819805153394636
-0.094,-94.0,R_E,0.094,94.0,2909344125338947.5,-2909344125338947.5,5.793101652721369e-05,57.93101652721369,0.03181980515339464,31.819805153394636
-0.093,-93.0,R_E,0.093,93.0,2922190137288528.0,-2922190137288528.0,5.793101652721369e-05,57.93101652721369,0.03181980515339464,31.819805153394636
-0.092,-92.0,R_E,0.092,92.0,2935183102269982.5,-2935183102269982.5,5.793101652721369e-05,57.93101652721369,0.03181980515339464,31.819805153394636
-0.091,-91.0,R_E,0.091,91.0,2948322420569167.5,-2948322420569167.5,5.793101652721369e-05,57.93101652721369,0.03181980515339464,31.819805153394636
-0.09,-90.0,R_E,0.09,90.0,2961607293763223.5,-2961607293763223.5,5.793101652721369e-05,57.93101652721369,0.03181980515339464,31.819805153394636
-0.089,-89.0,R_E,0.089,89.0,2975036709207761.5,-2975036709207761.5,5.793101652721369e-05,57.93101652721369,0.03181980515339464,31.819805153394636
-0.088,-88.0,R_E,0.088,88.0,2988609423459817.0,-2988609423459817.0,5.793101652721369e-05,57.93101652721369,0.03181980515339464,31.819805153394636
-0.087,-87.0,R_E,0.087,87.0,3002323944564895.0,-3002323944564895.0,5.793101652721369e-05,57.93101652721369,0.03181980515339464,31.819805153394636
-0.086,-86.0,R_E,0.086,86.0,3016178513130892.0,-3016178513130892.0,5.793101652721369e-05,57.93101652721369,0.03181980515339464,31.819805153394636
-0.08499999999999999,-84.99999999999999,R_E,0.08499999999999999,84.99999999999999,3030171082107209.5,-3030171082107209.5,5.793101652721369e-05,57.93101652721369,0.03181980515339464,31.819805153394636
-0.08399999999999999,-83.99999999999999,R_E,0.08399999999999999,83.99999999999999,3044299295180974.5,-3044299295180974.5,5.793101652721369e-05,57.93101652721369,0.03181980515339464,31.819805153394636
-0.08299999999999999,-82.99999999999999,R_E,0.08299999999999999,82.99999999999999,3058560463697011.5,-3058560463697011.5,5.793101652721369e-05,57.93101652721369,0.03181980515339464,31.819805153394636
-0.08199999999999999,-81.99999999999999,R_E,0.08199999999999999,81.99999999999999,3072951542001498.0,-3072951542001498.0,5.793101652721369e-05,57.93101652721369,0.03181980515339464,31.819805153394636
-0.08099999999999999,-80.99999999999999,R_E,0.08099999999999999,80.99999999999999,3087469101102570.5,-3087469101102570.5,5.793101652721369e-05,57.93101652721369,0.03181980515339464,31.819805153394636
-0.07999999999999999,-79.99999999999999,R_E,0.07999999999999999,79.99999999999999,3102109300533983.5,-3102109300533983.5,5.793101652721369e-05,57.93101652721369,0.03181980515339464,31.819805153394636
-0.07899999999999999,-78.99999999999999,R_E,0.07899999999999999,78.99999999999999,3116867858300113.5,-3116867858300113.5,5.793101652721369e-05,57.93101652721369,0.03181980515339464,31.819805153394636
-0.07799999999999999,-77.99999999999999,R_E,0.07799999999999999,77.99999999999999,3131740018772585.0,-3131740018772585.0,5.793101652721369e-05,57.93101652721369,0.03181980515339464,31.819805153394636
-0.07699999999999999,-76.99999999999999,R_E,0.07699999999999999,76.99999999999999,3146720518399874.0,-3146720518399874.0,5.793101652721369e-05,57.93101652721369,0.03181980515339464,31.819805153394636
-0.07599999999999998,-75.99999999999999,R_E,0.07599999999999998,75.99999999999999,3161803549082174.0,-3161803549082174.0,5.793101652721369e-05,57.93101652721369,0.03181980515339464,31.819805153394636
-0.07499999999999998,-74.99999999999999,R_E,0.07499999999999998,74.99999999999999,3176982719053865.5,-3176982719053865.5,5.793101652721369e-05,57.93101652721369,0.03181980515339464,31.819805153394636
-0.07399999999999998,-73.99999999999999,R_E,0.07399999999999998,73.99999999999999,3192251011105151.5,-3192251011105151.5,5.793101652721369e-05,57.93101652721369,0.03181980515339464,31.819805153394636
-0.07299999999999998,-72.99999999999999,R_E,0.07299999999999998,72.99999999999999,3207600737964054.0,-3207600737964054.0,5.793101652721369e-05,57.93101652721369,0.03181980515339464,31.819805153394636
-0.07199999999999998,-71.99999999999999,R_E,0.07199999999999998,71.99999999999999,3223023494647028.5,-3223023494647028.5,5.793101652721369e-05,57.93101652721369,0.03181980515339464,31.819805153394636
-0.07099999999999998,-70.99999999999999,R_E,0.07099999999999998,70.99999999999999,3238510107575025.5,-3238510107575025.5,5.793101652721369e-05,57.93101652721369,0.03181980515339464,31.819805153394636
-0.06999999999999998,-69.99999999999999,R_E,0.06999999999999998,69.99999999999999,3254050580237603.0,-3254050580237603.0,5.793101652721369e-05,57.93101652721369,0.03181980515339464,31.819805153394636
-0.06899999999999998,-68.99999999999997,R_E,0.06899999999999998,68.99999999999997,3269634035174323.0,-3269634035174323.0,5.793101652721369e-05,57.93101652721369,0.03181980515339464,31.819805153394636
-0.06799999999999998,-67.99999999999997,R_E,0.06799999999999998,67.99999999999997,3285248652027116.5,-3285248652027116.5,5.793101652721369e-05,57.93101652721369,0.03181980515339464,31.819805153394636
-0.06699999999999998,-66.99999999999997,R_E,0.06699999999999998,66.99999999999997,3300881601402344.5,-3300881601402344.5,5.793101652721369e-05,57.93101652721369,0.03181980515339464,31.819805153394636
-0.06599999999999998,-65.99999999999997,R_E,0.06599999999999998,65.99999999999997,3316518974263714.5,-3316518974263714.5,5.793101652721369e-05,57.93101652721369,0.03181980515339464,31.819805153394636
-0.06499999999999997,-64.99999999999997,R_E,0.06499999999999997,64.99999999999997,3332145706560684.0,-3332145706560684.0,5.793101652721369e-05,57.93101652721369,0.03181980515339464,31.819805153394636
-0.06399999999999997,-63.99999999999997,R_E,0.06399999999999997,63.99999999999997,3347745498777850.5,-3347745498777850.5,5.793101652721369e-05,57.93101652721369,0.03181980515339464,31.819805153394636
-0.06299999999999997,-62.99999999999997,R_E,0.06299999999999997,62.99999999999997,3363300730071913.0,-3363300730071913.0,5.793101652721369e-05,57.93101652721369,0.03181980515339464,31.819805153394636
-0.06199999999999997,-61.99999999999997,R_E,0.06199999999999997,61.99999999999997,3378792366642415.0,-3378792366642415.0,5.793101652721369e-05,57.93101652721369,0.03181980515339464,31.819805153394636
-0.06099999999999997,-60.99999999999997,R_E,0.06099999999999997,60.99999999999997,3394199863961171.0,-3394199863961171.0,5.793101652721369e-05,57.93101652721369,0.03181980515339464,31.819805153394636
-0.05999999999999997,-59.99999999999997,R_E,0.05999999999999997,59.99999999999997,3409501062463658.0,-3409501062463658.0,5.793101652721369e-05,57.93101652721369,0.03181980515339464,31.819805153394636
-0.05899999999999997,-58.99999999999997,R_E,0.05899999999999997,58.99999999999997,3424672076282034.0,-3424672076282034.0,5.793101652721369e-05,57.93101652721369,0.03181980515339464,31.819805153394636
-0.05799999999999997,-57.99999999999997,R_E,0.05799999999999997,57.99999999999997,3439687174576329.0,-3439687174576329.0,5.793101652721369e-05,57.93101652721369,0.03181980515339464,31.819805153394636
-0.05699999999999997,-56.999999999999964,R_E,0.05699999999999997,56.999999999999964,3454518654995323.5,-3454518654995323.5,5.793101652721369e-05,57.93101652721369,0.03181980515339464,31.819805153394636
-0.055999999999999966,-55.999999999999964,R_E,0.055999999999999966,55.999999999999964,3469136708773773.5,-3469136708773773.5,5.793101652721369e-05,57.93101652721369,0.03181980515339464,31.819805153394636
-0.054999999999999966,-54.999999999999964,R_E,0.054999999999999966,54.999999999999964,3483509276946435.0,-3483509276946435.0,5.793101652721369e-05,57.93101652721369,0.03181980515339464,31.819805153394636
-0.053999999999999965,-53.999999999999964,R_E,0.053999999999999965,53.999999999999964,3497601897133612.5,-3497601897133612.5,5.793101652721369e-05,57.93101652721369,0.03181980515339464,31.819805153394636
-0.052999999999999964,-52.999999999999964,R_E,0.052999999999999964,52.999999999999964,3511377540326127.0,-3511377540326127.0,5.793101652721369e-05,57.93101652721369,0.03181980515339464,31.819805153394636
-0.05199999999999996,-51.999999999999964,R_E,0.05199999999999996,51.999999999999964,3524796437071401.0,-3524796437071401.0,5.793101652721369e-05,57.93101652721369,0.03181980515339464,31.819805153394636
-0.05099999999999996,-50.999999999999964,R_E,0.05099999999999996,50.999999999999964,3537815892436043.0,-3537815892436043.0,5.793101652721369e-05,57.93101652721369,0.03181980515339464,31.819805153394636
-0.04999999999999996,-49.999999999999964,R_E,0.04999999999999996,49.999999999999964,3550390089095082.0,-3550390089095082.0,5.793101652721369e-05,57.93101652721369,0.03181980515339464,31.819805153394636
-0.04899999999999996,-48.99999999999996,R_E,0.04899999999999996,48.99999999999996,3562469877873223.5,-3562469877873223.5,5.793101652721369e-05,57.93101652721369,0.03181980515339464,31.819805153394636
-0.04799999999999996,-47.99999999999996,R_E,0.04799999999999996,47.99999999999996,3574002555041001.0,-3574002555041001.0,5.793101652721369e-05,57.93101652721369,0.03181980515339464,31.819805153394636
-0.04699999999999996,-46.99999999999996,R_E,0.04699999999999996,46.99999999999996,3584931625647733.5,-3584931625647733.5,5.793101652721369e-05,57.93101652721369,0.03181980515339464,31.819805153394636
-0.04599999999999996,-45.99999999999996,R_E,0.04599999999999996,45.99999999999996,3595196552155662.0,-3595196552155662.0,5.793101652721369e-05,57.93101652721369,0.03181980515339464,31.819805153394636
-0.04499999999999996,-44.99999999999996,R_E,0.04499999999999996,44.99999999999996,3604732487625684.0,-3604732487625684.0,5.793101652721369e-05,57.93101652721369,0.03181980515339464,31.819805153394636
-0.043999999999999956,-43.99999999999996,R_E,0.043999999999999956,43.99999999999996,3613469992695798.0,-3613469992695798.0,5.793101652721369e-05,57.93101652721369,0.03181980515339464,31.819805153394636
-0.042999999999999955,-42.99999999999996,R_E,0.042999999999999955,42.99999999999996,3621334735590547.5,-3621334735590547.5,5.793101652721369e-05,57.93101652721369,0.03181980515339464,31.819805153394636
-0.041999999999999954,-41.99999999999996,R_E,0.041999999999999954,41.99999999999996,3628247174403646.5,-3628247174403646.5,5.793101652721369e-05,57.93101652721369,0.03181980515339464,31.819805153394636
-0.04099999999999995,-40.99999999999995,R_E,0.04099999999999995,40.99999999999995,3634122220910019.0,-3634122220910019.0,5.793101652721369e-05,57.93101652721369,0.03181980515339464,31.819805153394636
-0.03999999999999995,-39.99999999999995,R_E,0.03999999999999995,39.99999999999995,3638868885187470.5,-3638868885187470.5,5.793101652721369e-05,57.93101652721369,0.03181980515339464,31.819805153394636
-0.03899999999999995,-38.99999999999995,R_E,0.03899999999999995,38.99999999999995,3642389900366434.0,-3642389900366434.0,5.793101652721369e-05,57.93101652721369,0.03181980515339464,31.819805153394636
-0.03799999999999995,-37.99999999999995,R_E,0.03799999999999995,37.99999999999995,3644581326879779.5,-3644581326879779.5,5.793101652721369e-05,57.93101652721369,0.03181980515339464,31.819805153394636
-0.03699999999999995,-36.99999999999995,R_E,0.03699999999999995,36.99999999999995,3645332135658185.0,-3645332135658185.0,5.793101652721369e-05,57.93101652721369,0.03181980515339464,31.819805153394636
-0.03599999999999995,-35.99999999999995,R_E,0.03599999999999995,35.99999999999995,3644523769811641.0,-3644523769811641.0,5.793101652721369e-05,57.93101652721369,0.03181980515339464,31.819805153394636
-0.03499999999999995,-34.99999999999995,R_E,0.03499999999999995,34.99999999999995,3642029684460745.0,-3642029684460745.0,5.793101652721369e-05,57.93101652721369,0.03181980515339464,31.819805153394636
-0.03399999999999995,-33.99999999999995,R_E,0.03399999999999995,33.99999999999995,3637714864535413.0,-3637714864535413.0,5.793101652721369e-05,57.93101652721369,0.03181980515339464,31.819805153394636
-0.032999999999999946,-32.99999999999994,R_E,0.032999999999999946,32.99999999999994,3631435320550240.5,-3631435320550240.5,5.793101652721369e-05,57.93101652721369,0.03181980515339464,31.819805153394636
-0.031999999999999945,-31.999999999999947,R_E,0.031999999999999945,31.999999999999947,3623037562601193.5,-3623037562601193.5,5.793101652721369e-05,57.93101652721369,0.03181980515339464,31.819805153394636
-0.030999999999999944,-30.999999999999943,R_E,0.030999999999999944,30.999999999999943,3612358053114557.0,-3612358053114557.0,5.793101652721369e-05,57.93101652721369,0.03181980515339464,31.819805153394636
-0.029999999999999943,-29.999999999999943,R_E,0.029999999999999943,29.999999999999943,3599222639225220.5,-3599222639225220.5,5.793101652721369e-05,57.93101652721369,0.03181980515339464,31.819805153394636
-0.028999999999999942,-28.999999999999943,R_E,0.028999999999999942,28.999999999999943,3583445966077825.5,-3583445966077825.5,5.793101652721369e-05,57.93101652721369,0.03181980515339464,31.819805153394636
-0.02799999999999994,-27.999999999999943,R_E,0.02799999999999994,27.999999999999943,3564830872839811.0,-3564830872839811.0,5.793101652721369e-05,57.93101652721369,0.03181980515339464,31.819805153394636
-0.02699999999999994,-26.99999999999994,R_E,0.02699999999999994,26.99999999999994,3543167773807427.5,-3543167773807427.5,5.793101652721369e-05,57.93101652721369,0.03181980515339464,31.819805153394636
-0.02599999999999994,-25.99999999999994,R_E,0.02599999999999994,25.99999999999994,3518234027683994.5,-3518234027683994.5,5.793101652721369e-05,57.93101652721369,0.03181980515339464,31.819805153394636
-0.02499999999999994,-24.99999999999994,R_E,0.02499999999999994,24.99999999999994,3489793298935828.0,-3489793298935828.0,5.793101652721369e-05,57.93101652721369,0.03181980515339464,31.819805153394636
-0.023999999999999938,-23.99999999999994,R_E,0.023999999999999938,23.99999999999994,3457594916101148.0,-3457594916101148.0,5.793101652721369e-05,57.93101652721369,0.03181980515339464,31.819805153394636
-0.022999999999999937,-22.999999999999936,R_E,0.022999999999999937,22.999999999999936,3421373233065910.0,-3421373233065910.0,5.793101652721369e-05,57.93101652721369,0.03181980515339464,31.819805153394636
-0.021999999999999936,-21.999999999999936,R_E,0.021999999999999936,21.999999999999936,3380847000650567.5,-3380847000650567.5,5.793101652721369e-05,57.93101652721369,0.03181980515339464,31.819805153394636
-0.020999999999999935,-20.999999999999936,R_E,0.020999999999999935,20.999999999999936,3335718757405094.5,-3335718757405094.5,5.793101652721369e-05,57.93101652721369,0.03181980515339464,31.819805153394636
-0.019999999999999934,-19.999999999999936,R_E,0.019999999999999934,19.999999999999936,3285674250315434.5,-3285674250315434.5,5.793101652721369e-05,57.93101652721369,0.03181980515339464,31.819805153394636
-0.018999999999999934,-18.999999999999932,R_E,0.018999999999999934,18.999999999999932,3230381898223139.0,-3230381898223139.0,5.793101652721369e-05,57.93101652721369,0.03181980515339464,31.819805153394636
-0.017999999999999933,-17.999999999999932,R_E,0.017999999999999933,17.999999999999932,3169492313190876.0,-3169492313190876.0,5.793101652721369e-05,57.93101652721369,0.03181980515339464,31.819805153394636
-0.016999999999999932,-16.999999999999932,R_E,0.016999999999999932,16.999999999999932,3102637897858271.0,-3102637897858271.0,5.793101652721369e-05,57.93101652721369,0.03181980515339464,31.819805153394636
-0.01599999999999993,-15.99999999999993,R_E,0.01599999999999993,15.99999999999993,3029432540078735.5,-3029432540078735.5,5.793101652721369e-05,57.93101652721369,0.03181980515339464,31.819805153394636
-0.01499999999999993,-14.99999999999993,R_E,0.01499999999999993,14.99999999999993,2949471429866570.0,-2949471429866570.0,5.793101652721369e-05,57.93101652721369,0.03181980515339464,31.819805153394636
-0.01399999999999993,-13.999999999999929,R_E,0.01399999999999993,13.999999999999929,2862331027984923.5,-2862331027984923.5,5.793101652721369e-05,57.93101652721369,0.03181980515339464,31.819805153394636
-0.012999999999999928,-12.999999999999929,R_E,0.012999999999999928,12.999999999999929,2767569220440997.5,-2767569220440997.5,5.793101652721369e-05,57.93101652721369,0.03181980515339464,31.819805153394636
-0.011999999999999927,-11.999999999999927,R_E,0.011999999999999927,11.999999999999927,2664725698810292.5,-2664725698810292.5,5.793101652721369e-05,57.93101652721369,0.03181980515339464,31.819805153394636
-0.010999999999999927,-10.999999999999927,R_E,0.010999999999999927,10.999999999999927,2553322612779554.5,-2553322612779554.5,5.793101652721369e-05,57.93101652721369,0.03181980515339464,31.819805153394636
-0.009999999999999926,-9.999999999999925,R_E,0.009999999999999926,9.999999999999925,2432865548678856.5,-2432865548678856.5,5.793101652721369e-05,57.93101652721369,0.03181980515339464,31.819805153394636
-0.008999999999999925,-8.999999999999925,R_E,0.008999999999999925,8.999999999999925,2302844896180176.0,-2302844896180176.0,5.793101652721369e-05,57.93101652721369,0.03181980515339464,31.819805153394636
-0.007999999999999924,-7.999999999999924,R_E,0.007999999999999924,7.999999999999924,2162737674895229.5,-2162737674895229.5,5.793101652721369e-05,57.93101652721369,0.03181980515339464,31.819805153394636
-0.006999999999999923,-6.999999999999923,R_E,0.006999999999999923,6.999999999999923,2012009903440101.8,-2012009903440101.8,5.793101652721369e-05,57.93101652721369,0.03181980515339464,31.819805153394636
-0.005999999999999922,-5.999999999999922,R_E,0.005999999999999922,5.999999999999922,1850119605792019.0,-1850119605792019.0,5.793101652721369e-05,57.93101652721369,0.03181980515339464,31.819805153394636
-0.004999999999999921,-4.999999999999921,R_E,0.004999999999999921,4.999999999999921,1676520563593939.5,-1676520563593939.5,5.793101652721369e-05,57.93101652721369,0.03181980515339464,31.819805153394636
-0.00399999999999992,-3.99999999999992,R_E,0.00399999999999992,3.99999999999992,1490666938623925.0,-1490666938623925.0,5.793101652721369e-05,57.93101652721369,0.03181980515339464,31.819805153394636
-0.0029999999999999194,-2.999999999999919,R_E,0.0029999999999999194,2.999999999999919,1292018907100851.8,-1292018907100851.8,5.793101652721369e-05,57.93101652721369,0.03181980515339464,31.819805153394636
-0.0019999999999999185,-1.9999999999999185,R_E,0.0019999999999999185,1.9999999999999185,1080049467008953.9,-1080049467008953.9,5.793101652721369e-05,57.93101652721369,0.03181980515339464,31.819805153394636
-0.0009999999999999176,-0.9999999999999176,R_E,0.0009999999999999176,0.9999999999999176,854252601350206.1,-854252601350206.1,5.793101652721369e-05,57.93101652721369,0.03181980515339464,31.819805153394636
8.326672684688674e-17,8.326672684688674e-14,interface,8.326672684688674e-17,8.326672684688674e-14,743966785515885.5,743966785515885.5,5.7986062398773326e-05,57.98606239877333,0.03181980515339464,31.819805153394636
0.0010000000000000842,1.0000000000000842,T_E,0.0010000000000000842,1.0000000000000842,889593307020065.5,889593307020065.5,5.795853946299351e-05,57.958539462993514,0.03181980515339464,31.819805153394636
0.002000000000000085,2.0000000000000853,T_E,0.002000000000000085,2.0000000000000853,1029236924598694.2,1029236924598694.2,5.795853946299351e-05,57.958539462993514,0.03181980515339464,31.819805153394636
0.003000000000000086,3.000000000000086,T_E,0.003000000000000086,3.000000000000086,1166754174295177.8,1166754174295177.8,5.793101652721369e-05,57.93101652721369,0.03181980515339464,31.819805153394636
0.004000000000000087,4.000000000000087,T_E,0.004000000000000087,4.000000000000087,1295832948383313.8,1295832948383313.8,5.793101652721369e-05,57.93101652721369,0.03181980515339464,31.819805153394636
0.005000000000000088,5.000000000000088,T_E,0.005000000000000088,5.000000000000088,1416431396939073.2,1416431396939073.2,5.793101652721369e-05,57.93101652721369,0.03181980515339464,31.819805153394636
0.006000000000000089,6.000000000000089,T_E,0.006000000000000089,6.000000000000089,1529775106896221.2,1529775106896221.2,5.790349359143388e-05,57.90349359143388,0.03181980515339464,31.819805153394636
0.0070000000000000895,7.00000000000009,T_E,0.0070000000000000895,7.00000000000009,1638603134075807.8,1638603134075807.8,5.790349359143388e-05,57.90349359143388,0.03181980515339464,31.819805153394636
0.00800000000000009,8.00000000000009,T_E,0.00800000000000009,8.00000000000009,1739861244318919.8,1739861244318919.8,5.790349359143388e-05,57.90349359143388,0.03181980515339464,31.819805153394636
0.009000000000000091,9.00000000000009,T_E,0.009000000000000091,9.00000000000009,1833927288124889.5,1833927288124889.5,5.790349359143388e-05,57.90349359143388,0.03181980515339464,31.819805153394636
0.010000000000000092,10.000000000000092,T_E,0.010000000000000092,10.000000000000092,1921171743893242.5,1921171743893242.5,5.790349359143388e-05,57.90349359143388,0.03181980515339464,31.819805153394636
0.011000000000000093,11.000000000000092,T_E,0.011000000000000093,11.000000000000092,2001955952080760.2,2001955952080760.2,5.790349359143388e-05,57.90349359143388,0.03181980515339464,31.819805153394636
0.012000000000000094,12.000000000000094,T_E,0.012000000000000094,12.000000000000094,2076630748866622.2,2076630748866622.2,5.790349359143388e-05,57.90349359143388,0.03181980515339464,31.819805153394636
0.013000000000000095,13.000000000000094,T_E,0.013000000000000095,13.000000000000094,2145535438309262.5,2145535438309262.5,5.790349359143388e-05,57.90349359143388,0.03181980515339464,31.819805153394636
0.014000000000000096,14.000000000000096,T_E,0.014000000000000096,14.000000000000096,2208997050070846.0,2208997050070846.0,5.790349359143388e-05,57.90349359143388,0.03181980515339464,31.819805153394636
0.015000000000000097,15.000000000000096,T_E,0.015000000000000097,15.000000000000096,2267329836901937.0,2267329836901937.0,5.790349359143388e-05,57.90349359143388,0.03181980515339464,31.819805153394636
0.016000000000000097,16.000000000000096,T_E,0.016000000000000097,16.000000000000096,2320834972323707.5,2320834972323707.5,5.790349359143388e-05,57.90349359143388,0.03181980515339464,31.819805153394636
0.0170000000000001,17.0000000000001,T_E,0.0170000000000001,17.0000000000001,2369800414415633.5,2369800414415633.5,5.790349359143388e-05,57.90349359143388,0.03181980515339464,31.819805153394636
0.0180000000000001,18.0000000000001,T_E,0.0180000000000001,18.0000000000001,2414500906399694.5,2414500906399694.5,5.790349359143388e-05,57.90349359143388,0.03181980515339464,31.819805153394636
0.0190000000000001,19.0000000000001,T_E,0.0190000000000001,19.0000000000001,2455198088886837.0,2455198088886837.0,5.790349359143388e-05,57.90349359143388,0.03181980515339464,31.819805153394636
0.0200000000000001,20.0000000000001,T_E,0.0200000000000001,20.0000000000001,2492140702288978.5,2492140702288978.5,5.790349359143388e-05,57.90349359143388,0.03181980515339464,31.819805153394636
0.021000000000000102,21.000000000000103,T_E,0.021000000000000102,21.000000000000103,2525564861063789.0,2525564861063789.0,5.790349359143388e-05,57.90349359143388,0.03181980515339464,31.819805153394636
0.022000000000000103,22.000000000000103,T_E,0.022000000000000103,22.000000000000103,2555896943467208.5,2555896943467208.5,5.787597065565406e-05,57.875970655654065,0.03181980515339464,31.819805153394636
0.023000000000000104,23.000000000000103,T_E,0.023000000000000104,23.000000000000103,2583788271314734.0,2583788271314734.0,5.787597065565406e-05,57.875970655654065,0.03181980515339464,31.819805153394636
0.024000000000000105,24.000000000000103,T_E,0.024000000000000105,24.000000000000103,2608735379536816.5,2608735379536816.5,5.787597065565406e-05,57.875970655654065,0.03181980515339464,31.819805153394636
0.025000000000000105,25.000000000000107,T_E,0.025000000000000105,25.000000000000107,2630930978568634.5,2630930978568634.5,5.787597065565406e-05,57.875970655654065,0.03181980515339464,31.819805153394636
0.026000000000000106,26.000000000000107,T_E,0.026000000000000106,26.000000000000107,2650557011258155.5,2650557011258155.5,5.787597065565406e-05,57.875970655654065,0.03181980515339464,31.819805153394636
0.027000000000000107,27.000000000000107,T_E,0.027000000000000107,27.000000000000107,2667785098264493.0,2667785098264493.0,5.787597065565406e-05,57.875970655654065,0.03181980515339464,31.819805153394636
0.028000000000000108,28.000000000000107,T_E,0.028000000000000108,28.000000000000107,2682776988366289.5,2682776988366289.5,5.787597065565406e-05,57.875970655654065,0.03181980515339464,31.819805153394636
0.02900000000000011,29.00000000000011,T_E,0.02900000000000011,29.00000000000011,2695685008925537.5,2695685008925537.5,5.787597065565406e-05,57.875970655654065,0.03181980515339464,31.819805153394636
0.03000000000000011,30.00000000000011,T_E,0.03000000000000011,30.00000000000011,2706652512630968.5,2706652512630968.5,5.787597065565406e-05,57.875970655654065,0.03181980515339464,31.819805153394636
0.03100000000000011,31.00000000000011,T_E,0.03100000000000011,31.00000000000011,2715814317396259.0,2715814317396259.0,5.787597065565406e-05,57.875970655654065,0.03181980515339464,31.819805153394636
0.03200000000000011,32.000000000000114,T_E,0.03200000000000011,32.000000000000114,2723297136926941.0,2723297136926941.0,5.787597065565406e-05,57.875970655654065,0.03181980515339464,31.819805153394636
0.03300000000000011,33.000000000000114,T_E,0.03300000000000011,33.000000000000114,2729220000012215.0,2729220000012215.0,5.787597065565406e-05,57.875970655654065,0.03181980515339464,31.819805153394636
0.03400000000000011,34.000000000000114,T_E,0.03400000000000011,34.000000000000114,2733694657056486.0,2733694657056486.0,5.787597065565406e-05,57.875970655654065,0.03181980515339464,31.819805153394636
0.035000000000000114,35.000000000000114,T_E,0.035000000000000114,35.000000000000114,2736825972751831.0,2736825972751831.0,5.787597065565406e-05,57.875970655654065,0.03181980515339464,31.819805153394636
0.036000000000000115,36.000000000000114,T_E,0.036000000000000115,36.000000000000114,2738712304116663.5,2738712304116663.5,5.787597065565406e-05,57.875970655654065,0.03181980515339464,31.819805153394636
0.037000000000000116,37.000000000000114,T_E,0.037000000000000116,37.000000000000114,2739445863396668.0,2739445863396668.0,5.787597065565406e-05,57.875970655654065,0.03181980515339464,31.819805153394636
0.03800000000000012,38.000000000000114,T_E,0.03800000000000012,38.000000000000114,2739113065548627.0,2739113065548627.0,5.787597065565406e-05,57.875970655654065,0.03181980515339464,31.819805153394636
0.03900000000000012,39.00000000000012,T_E,0.03900000000000012,39.00000000000012,2737794860212769.5,2737794860212769.5,5.787597065565406e-05,57.875970655654065,0.03181980515339464,31.819805153394636
0.04000000000000012,40.00000000000012,T_E,0.04000000000000012,40.00000000000012,2735567048231221.0,2735567048231221.0,5.787597065565406e-05,57.875970655654065,0.03181980515339464,31.819805153394636
0.04100000000000012,41.00000000000012,T_E,0.04100000000000012,41.00000000000012,2732500582892260.0,2732500582892260.0,5.787597065565406e-05,57.875970655654065,0.03181980515339464,31.819805153394636
0.04200000000000012,42.00000000000012,T_E,0.04200000000000012,42.00000000000012,2728661856179025.0,2728661856179025.0,5.787597065565406e-05,57.875970655654065,0.03181980515339464,31.819805153394636
0.04300000000000012,43.00000000000012,T_E,0.04300000000000012,43.00000000000012,2724112970377970.5,2724112970377970.5,5.787597065565406e-05,57.875970655654065,0.03181980515339464,31.819805153394636
0.04400000000000012,44.00000000000012,T_E,0.04400000000000012,44.00000000000012,2718911995463081.0,2718911995463081.0,5.787597065565406e-05,57.875970655654065,0.03181980515339464,31.819805153394636
0.04500000000000012,45.00000000000012,T_E,0.04500000000000012,45.00000000000012,2713113212716126.5,2713113212716126.5,5.787597065565406e-05,57.875970655654065,0.03181980515339464,31.819805153394636
0.046000000000000124,46.00000000000012,T_E,0.046000000000000124,46.00000000000012,2706767345076421.0,2706767345076421.0,5.787597065565406e-05,57.875970655654065,0.03181980515339464,31.819805153394636
0.047000000000000125,47.00000000000013,T_E,0.047000000000000125,47.00000000000013,2699921774735445.5,2699921774735445.5,5.787597065565406e-05,57.875970655654065,0.03181980515339464,31.819805153394636
0.048000000000000126,48.00000000000013,T_E,0.048000000000000126,48.00000000000013,2692620748505236.0,2692620748505236.0,5.787597065565406e-05,57.875970655654065,0.03181980515339464,31.819805153394636
0.04900000000000013,49.00000000000013,T_E,0.04900000000000013,49.00000000000013,2684905571495956.0,2684905571495956.0,5.787597065565406e-05,57.875970655654065,0.03181980515339464,31.819805153394636
0.05000000000000013,50.00000000000013,T_E,0.05000000000000013,50.00000000000013,2676814789638464.5,2676814789638464.5,5.787597065565406e-05,57.875970655654065,0.03181980515339464,31.819805153394636
0.05100000000000013,51.00000000000013,T_E,0.05100000000000013,51.00000000000013,2668384361583609.5,2668384361583609.5,5.787597065565406e-05,57.875970655654065,0.03181980515339464,31.819805153394636
0.05200000000000013,52.00000000000013,T_E,0.05200000000000013,52.00000000000013,2659647820501484.0,2659647820501484.0,5.787597065565406e-05,57.875970655654065,0.03181980515339464,31.819805153394636
0.05300000000000013,53.00000000000013,T_E,0.05300000000000013,53.00000000000013,2650636426293438.0,2650636426293438.0,5.787597065565406e-05,57.875970655654065,0.03181980515339464,31.819805153394636
0.05400000000000013,54.00000000000013,T_E,0.05400000000000013,54.00000000000013,2641379308715332.5,2641379308715332.5,5.787597065565406e-05,57.875970655654065,0.03181980515339464,31.819805153394636
0.05500000000000013,55.000000000000135,T_E,0.05500000000000013,55.000000000000135,2631903601895768.0,2631903601895768.0,5.787597065565406e-05,57.875970655654065,0.03181980515339464,31.819805153394636
0.05600000000000013,56.000000000000135,T_E,0.05600000000000013,56.000000000000135,2622234570716253.5,2622234570716253.5,5.787597065565406e-05,57.875970655654065,0.03181980515339464,31.819805153394636
0.057000000000000134,57.000000000000135,T_E,0.057000000000000134,57.000000000000135,2612395729502350.0,2612395729502350.0,5.787597065565406e-05,57.875970655654065,0.03181980515339464,31.819805153394636
0.058000000000000135,58.000000000000135,T_E,0.058000000000000135,58.000000000000135,2602408953457148.5,2602408953457148.5,5.787597065565406e-05,57.875970655654065,0.03181980515339464,31.819805153394636
0.059000000000000136,59.000000000000135,T_E,0.059000000000000136,59.000000000000135,2592294583249409.5,2592294583249409.5,5.787597065565406e-05,57.875970655654065,0.03181980515339464,31.819805153394636
0.06000000000000014,60.000000000000135,T_E,0.06000000000000014,60.000000000000135,2582071523150495.0,2582071523150495.0,5.787597065565406e-05,57.875970655654065,0.03181980515339464,31.819805153394636
0.06100000000000014,61.000000000000135,T_E,0.06100000000000014,61.000000000000135,2571757333095237.0,2571757333095237.0,5.787597065565406e-05,57.875970655654065,0.03181980515339464,31.819805153394636
0.06200000000000014,62.000000000000135,T_E,0.06200000000000014,62.000000000000135,2561368315023868.5,2561368315023868.5,5.787597065565406e-05,57.875970655654065,0.03181980515339464,31.819805153394636
0.06300000000000014,63.00000000000014,T_E,0.06300000000000014,63.00000000000014,2550919593844072.0,2550919593844072.0,5.787597065565406e-05,57.875970655654065,0.03181980515339464,31.819805153394636
0.06400000000000014,64.00000000000014,T_E,0.06400000000000014,64.00000000000014,2540425193334479.5,2540425193334479.5,5.787597065565406e-05,57.875970655654065,0.03181980515339464,31.819805153394636
0.06500000000000014,65.00000000000014,T_E,0.06500000000000014,65.00000000000014,2529898107294221.0,2529898107294221.0,5.787597065565406e-05,57.875970655654065,0.03181980515339464,31.819805153394636
0.06600000000000014,66.00000000000014,T_E,0.06600000000000014,66.00000000000014,2519350366226333.5,2519350366226333.5,5.787597065565406e-05,57.875970655654065,0.03181980515339464,31.819805153394636
0.06700000000000014,67.00000000000014,T_E,0.06700000000000014,67.00000000000014,2508793099827181.5,2508793099827181.5,5.787597065565406e-05,57.875970655654065,0.03181980515339464,31.819805153394636
0.06800000000000014,68.00000000000014,T_E,0.06800000000000014,68.00000000000014,2498236595538704.5,2498236595538704.5,5.787597065565406e-05,57.875970655654065,0.03181980515339464,31.819805153394636
0.06900000000000014,69.00000000000014,T_E,0.06900000000000014,69.00000000000014,2487690353405698.0,2487690353405698.0,5.787597065565406e-05,57.875970655654065,0.03181980515339464,31.819805153394636
0.07000000000000015,70.00000000000014,T_E,0.07000000000000015,70.00000000000014,2477163137466440.0,2477163137466440.0,5.787597065565406e-05,57.875970655654065,0.03181980515339464,31.819805153394636
0.07100000000000015,71.00000000000014,T_E,0.07100000000000015,71.00000000000014,2466663023891561.5,2466663023891561.5,5.787597065565406e-05,57.875970655654065,0.03181980515339464,31.819805153394636
0.07200000000000015,72.00000000000014,T_E,0.07200000000000015,72.00000000000014,2456197446073574.5,2456197446073574.5,5.787597065565406e-05,57.875970655654065,0.03181980515339464,31.819805153394636
0.07300000000000015,73.00000000000014,T_E,0.07300000000000015,73.00000000000014,2445773236857258.0,2445773236857258.0,5.787597065565406e-05,57.875970655654065,0.03181980515339464,31.819805153394636
0.07400000000000015,74.00000000000014,T_E,0.07400000000000015,74.00000000000014,2435396668089831.5,2435396668089831.5,5.787597065565406e-05,57.875970655654065,0.03181980515339464,31.819805153394636
0.07500000000000015,75.00000000000016,T_E,0.07500000000000015,75.00000000000016,2425073487659005.5,2425073487659005.5,5.787597065565406e-05,57.875970655654065,0.03181980515339464,31.819805153394636
0.07600000000000015,76.00000000000016,T_E,0.07600000000000015,76.00000000000016,2414808954176748.5,2414808954176748.5,5.787597065565406e-05,57.875970655654065,0.03181980515339464,31.819805153394636
0.07700000000000015,77.00000000000016,T_E,0.07700000000000015,77.00000000000016,2404607869457003.5,2404607869457003.5,5.787597065565406e-05,57.875970655654065,0.03181980515339464,31.819805153394636
0.07800000000000015,78.00000000000016,T_E,0.07800000000000015,78.00000000000016,2394474608926439.0,2394474608926439.0,5.787597065565406e-05,57.875970655654065,0.03181980515339464,31.819805153394636
0.07900000000000015,79.00000000000016,T_E,0.07900000000000015,79.00000000000016,2384413150098748.5,2384413150098748.5,5.787597065565406e-05,57.875970655654065,0.03181980515339464,31.819805153394636
0.08000000000000015,80.00000000000016,T_E,0.08000000000000015,80.00000000000016,2374427099234922.5,2374427099234922.5,5.787597065565406e-05,57.875970655654065,0.03181980515339464,31.819805153394636
0.08100000000000016,81.00000000000016,T_E,0.08100000000000016,81.00000000000016,2364519716304189.0,2364519716304189.0,5.787597065565406e-05,57.875970655654065,0.03181980515339464,31.819805153394636
0.08200000000000016,82.00000000000016,T_E,0.08200000000000016,82.00000000000016,2354693938353368.5,2354693938353368.5,5.787597065565406e-05,57.875970655654065,0.03181980515339464,31.819805153394636
0.08300000000000016,83.00000000000016,T_E,0.08300000000000016,83.00000000000016,2344952401385310.0,2344952401385310.0,5.787597065565406e-05,57.875970655654065,0.03181980515339464,31.819805153394636
0.08400000000000016,84.00000000000016,T_E,0.08400000000000016,84.00000000000016,2335297460841118.0,2335297460841118.0,5.787597065565406e-05,57.875970655654065,0.03181980515339464,31.819805153394636
0.08500000000000016,85.00000000000016,T_E,0.08500000000000016,85.00000000000016,2325731210774563.5,2325731210774563.5,5.787597065565406e-05,57.875970655654065,0.03181980515339464,31.819805153394636
0.08600000000000016,86.00000000000016,T_E,0.08600000000000016,86.00000000000016,2316255501801756.0,2316255501801756.0,5.787597065565406e-05,57.875970655654065,0.03181980515339464,31.819805153394636
0.08700000000000016,87.00000000000016,T_E,0.08700000000000016,87.00000000000016,2306871957903696.5,2306871957903696.5,5.787597065565406e-05,57.875970655654065,0.03181980515339464,31.819805153394636
0.08800000000000016,88.00000000000016,T_E,0.08800000000000016,88.00000000000016,2297581992154534.5,2297581992154534.5,5.787597065565406e-05,57.875970655654065,0.03181980515339464,31.819805153394636
0.08900000000000016,89.00000000000016,T_E,0.08900000000000016,89.00000000000016,2288386821443755.0,2288386821443755.0,5.787597065565406e-05,57.875970655654065,0.03181980515339464,31.819805153394636
0.09000000000000016,90.00000000000016,T_E,0.09000000000000016,90.00000000000016,2279287480256010.5,2279287480256010.5,5.787597065565406e-05,57.875970655654065,0.03181980515339464,31.819805153394636
0.09100000000000016,91.00000000000017,T_E,0.09100000000000016,91.00000000000017,2270284833568456.0,2270284833568456.0,5.787597065565406e-05,57.875970655654065,0.03181980515339464,31.819805153394636
0.09200000000000016,92.00000000000017,T_E,0.09200000000000016,92.00000000000017,2261379588921521.5,2261379588921521.5,5.787597065565406e-05,57.875970655654065,0.03181980515339464,31.819805153394636
0.09300000000000017,93.00000000000017,T_E,0.09300000000000017,93.00000000000017,2252572307715591.0,2252572307715591.0,5.787597065565406e-05,57.875970655654065,0.03181980515339464,31.819805153394636
0.09400000000000017,94.00000000000017,T_E,0.09400000000000017,94.00000000000017,2243863415782533.0,2243863415782533.0,5.787597065565406e-05,57.875970655654065,0.03181980515339464,31.819805153394636
0.09500000000000017,95.00000000000017,T_E,0.09500000000000017,95.00000000000017,2235253213278157.8,2235253213278157.8,5.787597065565406e-05,57.875970655654065,0.03181980515339464,31.819805153394636
0.09600000000000017,96.00000000000017,T_E,0.09600000000000017,96.00000000000017,2226741883938478.2,2226741883938478.2,5.787597065565406e-05,57.875970655654065,0.03181980515339464,31.819805153394636
0.09700000000000017,97.00000000000017,T_E,0.09700000000000017,97.00000000000017,2218329503740197.8,2218329503740197.8,5.787597065565406e-05,57.875970655654065,0.03181980515339464,31.819805153394636
0.09800000000000017,98.00000000000017,T_E,0.09800000000000017,98.00000000000017,2210016049002991.5,2210016049002991.5,5.787597065565406e-05,57.875970655654065,0.03181980515339464,31.819805153394636
0.09900000000000017,99.00000000000017,T_E,0.09900000000000017,99.00000000000017,2201801403968953.5,2201801403968953.5,5.787597065565406e-05,57.875970655654065,0.03181980515339464,31.819805153394636
0.10000000000000017,100.00000000000017,T_E,0.10000000000000017,100.00000000000017,2193685367892232.5,2193685367892232.5,5.787597065565406e-05,57.875970655654065,0.03181980515339464,31.819805153394636
