case,Pe,Time_s,Time_norm,Porosity,RE_abs_f_low,RE_abs_f_high,RE_spectral_ratio_high_over_low,TTM_spectral_ratio_high_over_low,L_sigma_index,RE_abs,TTM_abs,RE_abs_norm,TTM_abs_norm,RE_spectral_ratio_high_over_low_norm,L_sigma_index_norm
Pe0p1,0.1,0.1,6.983630370411755e-06,0.545,707294230.275987,2804501127.126859,3.965112405953799,1.0687816725298813,2.2218912169231515e-07,1479561875.2726252,4.1757813991740067e-07,1.0,1.0,1.0,1.0
Pe0p1,0.1,0.2,1.396726074082351e-05,0.545,707294230.275987,2804501127.126859,3.965112405953799,1.0687816725298813,2.2218912169231515e-07,1479561875.2726252,4.1757813991740067e-07,1.0,1.0,1.0,1.0
Pe0p1,0.1,0.4,2.793452148164702e-05,0.545,707294375.0100144,2804501749.893323,3.965112475061907,1.0691316759012102,2.2218914450306692e-07,1479562177.2531288,4.1743841765213764e-07,1.000000204101301,0.9996653985160942,1.0000000174290413,1.000000102663675
Pe0p1,0.1,0.8,5.586904296329404e-05,0.545,707294375.0100144,2804501749.893323,3.965112475061907,1.0691316759012102,2.2218914450306692e-07,1479562177.2531288,4.1743841765213764e-07,1.000000204101301,0.9996653985160942,1.0000000174290413,1.000000102663675
Pe0p1,0.1,1.6,0.00011173808592658808,0.545,707294446.105104,2804502059.7928705,3.965112514648703,1.0693691363973796,2.2218915586143006e-07,1479562340.9056044,4.1761094743661514e-07,1.0000003147100416,1.0000785661797837,1.0000000274128178,1.0000001537839236
Pe0p1,0.1,3.2,0.00022347617185317615,0.5451,707220807.410502,2804219414.7083993,3.965125722157532,1.0686819325234511,2.2216475497762138e-07,1479409268.669072,4.1758257979757257e-07,0.9998968568965558,1.0000106324535398,1.0000033583420518,0.9998903334487838
Pe0p1,0.1,6.4,0.0004469523437063523,0.54545,706170099.4880027,2800152868.0962214,3.965266824701906,1.0694329754605507,2.2175446758498384e-07,1477225285.5552242,4.166924529262585e-07,0.9984207556598669,0.9978789910043726,1.0000389443557451,0.9980437651311606
Pe0p1,0.1,12.8,0.0008939046874127046,0.54565,704903714.8152452,2795039658.362853,3.9651367975772853,1.0692926933292786,2.2141661800677806e-07,1474554267.7480967,4.1532498763436333e-07,0.996615479481988,0.994604237943387,1.000006151559146,0.9965232155397471
Pe0p1,0.1,25.6,0.0017878093748254092,0.5465,702748787.5070297,2786429968.7915163,3.965044149953291,1.0687589583957289,2.208094864709052e-07,1470023414.5546083,4.136537780086272e-07,0.9935531856575722,0.9906020896842211,0.99998278585989,0.9937907166160886
Pe0p1,0.1,51.2,0.0035756187496508184,0.5486,698524446.5665927,2769937719.505625,3.9654127112093236,1.069710608383438,2.1933906262450356e-07,1461211988.6621263,4.108608915532884e-07,0.9875977565270004,0.9839137930796833,1.0000757368832909,0.9871728235563292
Pe0p1,0.1,102.4,0.007151237499301637,0.5527,692108260.414886,2744539909.5426655,3.9654777532888343,1.0690585569456361,2.1747539977716273e-07,1447758136.0135963,4.077467890177788e-07,0.9785046237061436,0.9764562606137223,1.0000921404736185,0.9787850913705851
Pe0p1,0.1,204.8,0.014302474998603274,0.56015,684336853.4219072,2714561554.149069,3.9667037374582077,1.0688473580329614,2.1480685890807458e-07,1431596779.4648988,4.0678796685269635e-07,0.9675815546417156,0.9741601103284797,1.000401333264101,0.9667748685083537
Pe0p1,0.1,409.6,0.028604949997206548,0.5718,677619398.1376559,2689673267.6833916,3.9692979201533936,1.0696703930641684,2.1218713349289668e-07,1417789187.8500533,4.1289976872219416e-07,0.9582493382298124,0.9887964173696163,1.001055585257384,0.9549843479138952
Pe0p1,0.1,819.2,0.057209899994413095,0.58865,674441403.1663207,2681024424.883844,3.9751776986068124,1.0700230261572925,2.0968649973499997e-07,1411768585.0438905,4.337870283424975e-07,0.9541801587606851,1.0388164199119787,1.0025384633832575,0.9437298196145325
Pe0p1,0.1,1269.2,0.088636236661266,0.6039,669019749.1477226,2663456420.4805193,3.9811327301975,1.0700397693178727,2.0654216127685253e-07,1401043317.1517327,4.547311524204769e-07,0.9469312102230096,1.0889725992611234,1.0040403203247519,0.9295781886336887
Pe0p1,0.1,1719.2,0.12006257332811889,0.6176,650491220.1722641,2591632175.666354,3.984115534995283,1.0693328133781435,2.0060059378657713e-07,1362460621.0946672,4.562368992885548e-07,0.9208541013829645,1.0925785036994538,1.0047925826801152,0.9028371517862447
Pe0p1,0.1,2169.2,0.15148890999497178,0.63155,624310825.6373371,2487900135.2117968,3.9850344300404954,1.0674605852370453,1.932606529288481e-07,1307576650.3606858,4.4707827981173693e-07,0.8837593562078983,1.0706457955394206,1.0050243276979443,0.8698024973359099
Pe0p1,0.1,2619.2,0.18291524666182465,0.64575,609300572.0096067,2429452553.2236805,3.9872809329733827,1.0654456369407537,1.891485053349933e-07,1276247695.2068198,4.5851097130873617e-07,0.862584874979735,1.0980243635345286,1.0055908949734431,0.8512950764390882
Pe0p1,0.1,3069.2,0.21434158332867756,0.6596,606453642.1611515,2421135630.268143,3.9922847550889644,1.063838275364501,1.8806722639780366e-07,1270687670.2713382,4.99687816602182e-07,0.8588269889268405,1.1966330821364908,1.0068528572088813,0.8464285963479208
Pe0p1,0.1,3519.2,0.24576791999553046,0.6743,600327688.3654728,2398311753.2864738,3.995004394710524,1.0609108244185803,1.8713729667522495e-07,1257950199.8802443,5.449615967141449e-07,0.8502180415053296,1.305052981992643,1.00753874939632,0.8422432891848344
Pe0p1,0.1,3969.2,0.27719425666238334,0.6898,593912218.309196,2374020328.910761,3.9972579376617987,1.0575454378615485,1.8665446696522286e-07,1244447792.5656607,6.125588871152089e-07,0.8410920917628794,1.466932362015829,1.0081070921620612,0.8400702318077469
Pe0p1,0.1,4419.2,0.30862059332923625,0.7056,585393058.2530596,2339498140.0211234,3.9964569224696573,1.052395211178839,1.8676587938221015e-07,1226026531.5381014,7.047877065716858e-07,0.8286416080518382,1.6877983763975213,1.0079050764030784,0.8405716623734681
Pe0p1,0.1,4869.2,0.34004692999608915,0.7221,565340745.5520334,2254907724.4773827,3.9885816513641736,1.0464170758484521,1.8528524291373286e-07,1182267249.1136458,8.24710343041643e-07,0.7990657699907281,1.9749844740550244,1.0059189357091451,0.8339078056679735
Pe0p1,0.1,5319.2,0.37147326666294206,0.7365,532798199.0004127,2111026597.7257178,3.96215040082011,1.0406242950993752,1.82389088979269e-07,1109635936.474073,9.750816876531363e-07,0.7499760267002085,2.335087961850716,0.999252983312846,0.8208731714230333
Pe0p1,0.1,5769.2,0.4028996033297949,0.75115,469797042.9567791,1783131332.3945107,3.7955354532926617,1.070121599015437,1.7773933187629173e-07,957157724.6569346,1.2685028530970375e-06,0.6469197001176906,3.037761635098893,0.9572327502225385,0.7999461473294945
Pe0p1,0.1,6219.2,0.4343259399966478,0.7653,378257445.3030298,1288409459.934407,3.4061707864130364,1.1536480543505203,1.7436421355503776e-07,728452476.8839793,2.0290431083573925e-06,0.4923433680323468,4.859074061584614,0.8590351136826573,0.7847558522531776
Pe0p1,0.1,6669.2,0.4657522766635007,0.7804,415071193.945348,1858016666.2218642,4.476380662702667,1.28189678855445,1.7032351118221368e-07,907853369.29177,3.785938910631376e-06,0.6135960816944463,9.066420266588324,1.128941680437905,0.7665699827468406
Pe0p1,0.1,7119.2,0.4971786133303536,0.79425,975525276.3401603,5582022205.631628,5.722068244682989,1.29729824405079,1.6603377845933848e-07,2500618784.30782,6.545590319536345e-06,1.6901076096240002,15.675126865671418,1.4431036648774545,0.7472633097189163
Pe0p1,0.1,7569.2,0.5286049499972065,0.8078,1061174555.3136058,4343093858.780445,4.092723329101067,0.9033242625985408,1.5792538082011727e-07,2266526152.5099897,4.058415533648807e-06,1.5318900752916182,9.718936758642549,1.0321834314093226,0.7107700845895167
Pe0p1,0.1,8019.2,0.5600312866640594,0.82375,829846961.3548187,3259534074.88775,3.92787372453132,0.862296999485606,1.4856190286908272e-07,1719646314.7961955,2.357473765842334e-06,1.162267251904779,5.645587114087571,0.9906084172124444,0.6686281566692066
Pe0p1,0.1,8469.2,0.5914576233309123,0.83965,670605585.6344461,2641950153.505997,3.939648297152942,0.8621601582400505,1.3646906231185807e-07,1390248851.5893884,1.5629323644649656e-06,0.9396354926577302,3.7428500562173164,0.9935779604223524,0.6142022672956906
Pe0p1,0.1,8919.2,0.6228839599977652,0.85615,554766253.9304672,2198610471.6206956,3.9631294370263963,0.8621621676820497,1.245112175330026e-07,1153457924.7551358,1.1070721936135947e-06,0.7795942461295163,2.651173727227627,0.9994998959110402,0.5603839494240598
Pe0p1,0.1,9369.2,0.6543102966646182,0.87075,434270140.0737356,1729361878.504479,3.9822260821590154,0.8601525050349865,1.0427739599014936e-07,905145566.6253194,7.116874988858952e-07,0.6117659435219879,1.7043217325185438,1.004316063317529,0.4693181880189052
Pe0p1,0.1,9819.2,0.6857366333314711,0.885,320533631.96996725,1280567847.2502887,3.995112273804307,0.8597368734938702,8.047037227580058e-08,669181601.0470461,4.186822103594167e-07,0.4522836200572836,1.002643985248448,1.0075659564670756,0.3621706214187884
Pe0p1,0.1,10269.2,0.717162969998324,0.8994,243684372.52612853,976364692.0377756,4.006677498094741,0.8607658651581264,6.343951912740489e-08,509462712.32459563,2.703342679657555e-07,0.3443334955023234,0.6473860629275976,1.0104827020990705,0.2855203650125373
Pe0p1,0.1,10719.2,0.7485893066651769,0.91685,160361667.63798085,645250503.7614386,4.02372033956458,0.8666600620336538,4.308223165622121e-08,335864892.0810436,1.4364157200665545e-07,0.22700293762243426,0.3439872883074496,1.0147809009204325,0.19389892416011695
Pe0p1,0.1,11169.2,0.7800156433320298,0.9327,110946500.50962062,448658948.8013527,4.043921590500708,0.880792259875236,3.0471581412915875e-08,232834799.59634528,9.072642721977109e-08,0.15736739604313132,0.2172681434849949,1.0198756495348211,0.13714254406708784
Pe1,1.0,0.1,7.404116688879017e-05,0.545,707294238.7853544,2804501160.85173,3.965112405931563,1.0686647312335011,2.2218912441236055e-07,1479561893.0749397,4.1754759187499094e-07,1.0,1.0,1.0,1.0
Pe1,1.0,0.2,0.00014808233377758035,0.545,707294383.5192797,2804501783.839429,3.9651124753530333,1.069131525688134,2.221891472230933e-07,1479562201.774577,4.175515942412158e-07,1.0000002086425979,1.0000095854132625,1.0000000175080712,1.000000102663588
Pe1,1.0,0.4,0.0002961646675551607,0.545,707297130.5833373,2804513280.3465376,3.9651133294341787,1.069002279784188,2.2218957904637655e-07,1479568069.7141895,4.1750654021883793e-07,1.000004174640668,0.999901683887174,1.0000002329070456,1.000002046157827
Pe1,1.0,0.8,0.0005923293351103214,0.5452,706339280.7983819,2800815009.389087,3.9652544967105605,1.0696206915508222,2.2179814937758455e-07,1477579500.4751415,4.1664490582714547e-07,0.9986601489203819,0.9978381241673746,1.0000358352461294,0.9982403502610218
Pe1,1.0,1.6,0.0011846586702206428,0.5456,704018152.5164402,2791764803.2411604,3.9654727555849028,1.0694664016811337,2.2091588291365478e-07,1472744491.848109,4.1430854668823717e-07,0.9953922838519028,0.9922426922109432,1.0000908800599955,0.9942695597632278
Pe1,1.0,3.2,0.0023693173404412855,0.54655,702493852.1463928,2785798163.8582683,3.9655836920801057,1.0690331224256537,2.2041405688911153e-07,1469560817.0829256,4.13630742685984e-07,0.9932405152911655,0.9906193946145914,1.0001188582063494,0.9920110062634988
Pe1,1.0,6.4,0.004738634680882571,0.5486,681033756.688977,2700746063.7930574,3.965656675997146,1.0689262699921276,2.1362500240239416e-07,1424647807.8234367,3.9066991255634997e-07,0.962884901599232,0.9356296627219255,1.0001372647254005,0.961455710163058
Pe1,1.0,12.8,0.009477269361765142,0.5536,636083458.1095501,2522953213.3917174,3.966387085257607,1.0695413768477648,1.9908607006257168e-07,1330631883.8219702,3.453193910269278e-07,0.8993418187167205,0.8270180399706689,1.0003214736924322,0.8960207687442345
Pe1,1.0,25.6,0.018954538723530284,0.5626,584374571.491242,2318907044.869331,3.968186088165686,1.068896507880224,1.822714328681793e-07,1222565784.4388633,2.9917513527807037e-07,0.8263025630499531,0.716505474105668,1.0007751816138994,0.820343630005499
Pe1,1.0,50.6,0.03746483044572783,0.57925,523966150.0009488,2080791685.2356791,3.9712330371569067,1.0691702455950003,1.6279186539704906e-07,1096342198.5220356,2.533310334233314e-07,0.7409911026050642,0.6067117577801188,1.0015436211130326,0.732672518637428
Pe1,1.0,75.6,0.05597512216792536,0.59535,447670388.7068463,1779542339.4078317,3.975117372735484,1.0690708661246904,1.3864974542338835e-07,936927266.33054,1.9586262763866314e-07,0.6332464161964495,0.4690785708023008,1.002523249224651,0.6240167955568718
Pe1,1.0,100.6,0.0744854138901229,0.6115,395460017.82828826,1573739697.957426,3.9795165807147557,1.0692057099512813,1.2211416192062127e-07,827885150.928278,1.6317756269546025e-07,0.5595474949734635,0.39079991328105607,1.003632727980585,0.5495955854886476
Pe1,1.0,125.6,0.09299570561232046,0.62895,344419789.98352075,1372686394.0748067,3.9855038357130548,1.067172682772549,1.0600259242820279e-07,721321839.918224,1.3447418505437377e-07,0.4875239375212059,0.3220571443138243,1.0051427116545264,0.477082722696511
Pe1,1.0,150.6,0.11150599733451799,0.6446,288231833.16467303,1150326682.940858,3.99097722937373,1.0672016747857795,8.855028837506871e-08,603839005.9306992,1.0227257604245283e-07,0.40812013931756136,0.24493633308528837,1.0065230996739145,0.3985356556459007
Pe1,1.0,175.6,0.13001628905671553,0.66145,212016104.7389158,849343709.5225706,4.0060339310944455,1.0697008608796967,6.446714327934496e-08,444650671.4660944,6.126738374884882e-08,0.3005286048169212,0.1467314982556326,1.010320394726179,0.2901453590487195
Pe1,1.0,200.6,0.1485265807789131,0.67885,157343848.28952485,633910737.668457,4.028824415823441,1.0716193940731742,4.707944815669144e-08,330539911.89726025,3.8440886815401855e-08,0.22340390993059892,0.0920634858478854,1.0160681472224011,0.21188907549460767
Pe1,1.0,225.6,0.16703687250111063,0.6958,108808941.24799743,442484913.1526519,4.0666227249113645,1.0765938577502019,3.1654985129976014e-08,229217751.73031116,2.1924503481144046e-08,0.1549227192205749,0.05250779529751903,1.0256008679168713,0.1424686523865478
Pe1,1.0,250.6,0.18554716422330816,0.7119,63924609.3135378,263940429.23602235,4.1289330051505795,1.0892190096548997,1.7721616095199834e-08,135276837.8734557,9.51021943454197e-09,0.09143033387559944,0.022776372369521947,1.0413154993976843,0.079759151767979
Pe1,1.0,275.6,0.20405745594550573,0.7285,34776000.075293206,145538892.99408844,4.185038321801918,1.07395578650832,9.367213964201497e-09,73861705.17450728,3.977987965530012e-09,0.04992133517375348,0.009527028877515302,1.0554652411723207,0.042158741968022224
Pe1,1.0,300.6,0.22256774766770326,0.7445,14898561.860116927,62981788.29136121,4.227373680943116,1.0469683588721046,4.0260259865120475e-09,31693571.149755064,1.2886757095391759e-09,0.021420916082048477,0.0030862965913715313,1.0661422043468998,0.01811981570727175
Pe1,1.0,325.6,0.24107803938990083,0.76035,5629479.627785497,22380656.960247632,3.975617364308972,1.0517782910000095,1.9447239913286593e-09,11552383.563441126,8.384365323886701e-10,0.007807975872798447,0.0020080023180679453,1.002649346929407,0.008752561568762692
Pe1,1.0,350.6,0.25958833111209834,0.7745,2207033.4882636634,8467436.548050748,3.8365691291400945,1.1386454908881916,1.031704130688603e-09,4429877.31770265,6.660818935345737e-10,0.0029940466420746597,0.0015952238894338807,0.9675814293185798,0.004643360170832954
Pe1,1.0,375.6,0.2780986228342959,0.7882,4144164.4476508005,22846890.88481685,5.51302709470616,2.8832383406044406,5.756969830062602e-10,10166002.986473449,1.0891612936239688e-09,0.006870954864446851,0.002608472219257946,1.390383557969003,0.002591022330768201
Pe1,1.0,400.6,0.29660891455649346,0.80135,4398873.661258638,19852915.895890236,4.513181651643475,16.812856412669756,3.008855903516099e-10,9724792.318041788,1.2518631418012414e-09,0.006572751274251174,0.002998132826439663,1.1382228773368528,0.0013541868493671034
Pe1,1.0,425.6,0.315119206278691,0.8145,1420063.9885020882,6048165.863207459,4.259079810612749,49.25596173220174,1.421897151886738e-10,3021092.331683786,2.3881849850430137e-10,0.0020418830370151795,0.0005719551570921308,1.0741384794643978,0.0006399490324503195
Pe1,1.0,450.6,0.33362949800088854,0.82625,478523.5828654619,2048041.065828169,4.279916683654818,1.4997460659587627,5.851485879774935e-11,1020265.1923007644,8.669909828956925e-11,0.0006895724991810721,0.00020763884159946488,1.0793935317577195,0.0002633560888837731
Pe1,1.0,475.6,0.35213978972308607,0.8372,59816.78075822428,257132.94725645383,4.298675789587695,2.546954813501149,8.206820144873288e-12,127829.32321836652,4.675269575052603e-11,8.63967393433618e-05,0.00011196974107929537,1.084124571892878,3.693619193368916e-05
Pe1,1.0,500.6,0.3706500814452836,0.84655,178400.67289828605,769106.0823566514,4.311116487745268,12.9750844167447,2.64030862355093e-11,381818.91641898215,4.924549094062584e-11,0.00025806214542702,0.00011793982745652952,1.0872621117363797,0.00011883158685349443
Pe1,1.0,525.6,0.38916037316748114,0.8565,250101.59382004273,1080489.5017923852,4.320202383715463,0.5141763954107209,3.9472807165486805e-11,535875.5674253264,1.8513676625901896e-11,0.0003621852995359515,4.4339081307514e-05,1.089553571609397,0.0001776540920708129
Pe1,1.0,550.6,0.4076706648896787,0.86545,274387.6037758287,1187292.0947870635,4.327061712879225,0.5058330152878776,4.5454179255686436e-11,588398.9179693772,3.48807242110788e-11,0.0003976845583299805,8.353712221030291e-05,1.0912834920912224,0.00020457427597278828
Pe1,1.0,575.6,0.42618095661187627,0.87365,254256.7711632899,1101579.6134711714,4.33254779580171,0.583789250892793,4.331721402616892e-11,545579.9923059132,2.693575597272931e-11,0.00036874428495319435,6.450942718116208e-05,1.0926670803381227,0.00019495649996701254
Pe1,1.0,600.6,0.4446912483340738,0.8817,228484.37404229754,990476.1314129576,4.3349841124347455,1.0396385476193286,3.9897382425901584e-11,490420.22187248943,2.5303179160710823e-11,0.0003314631338965214,6.059950926093788e-05,1.0932815185642346,0.00017956496534842127
Pe1,1.0,625.6,0.46320154005627134,0.88855,212655.79181026324,922163.4948731366,4.336413727663311,1.1035172255650167,3.794689448021676e-11,456529.2254452806,2.267378080260432e-11,0.00030855703136317355,5.430226696024772e-05,1.0936420670385798,0.00017078646212130149
Pe1,1.0,650.6,0.4817118317784689,0.8953,197038.48202223898,854690.0298437887,4.3376807467859155,1.1555079509646442,3.585071047134559e-11,423070.0549074703,1.928074341286757e-11,0.00028594278947548013,4.6176157611848967e-05,1.0939616088303104,0.0001613522289453299
Pe1,1.0,675.6,0.5002221235006664,0.90175,179892.76878444874,780542.6887283728,4.338933098882008,4.528322089375477,3.3329804732046e-11,386317.3920566691,7.749366890857685e-12,0.00026110255600987023,1.8559242207718823e-05,1.0942774516029439,0.00015000646327850527
Pe1,1.0,700.6,0.518732415222864,0.90835,163695.63152852433,710438.6711996436,4.3399977419424784,1.3513814826480717,3.0809236218602426e-11,351580.8833387654,5.78269662461476e-12,0.00023762499222528831,1.3849191654172046e-05,1.0945459542206446,0.00013866221535408546
Pe1,1.0,725.6,0.5372427069450615,0.91465,148104.44932205786,642918.3618821497,4.340979388702247,0.861051588321981,2.8347005044212287e-11,318133.45381382573,8.838416322470029e-12,0.0002150186858034416,2.1167446524553666e-05,1.0947935251995404,0.00012758052456070314
Pe1,1.0,750.6,0.555752998667259,0.9194,125209.01543826448,543678.7987999108,4.342169746298955,0.9069442692674883,2.4310477353602123e-11,268992.41096091905,9.635948837934987e-12,0.00018180544674740052,2.3077486316385897e-05,1.0950937329805173,0.00010941344414537741
Pe1,1.0,775.6,0.5742632903894566,0.92495,114854.80555067766,498778.89070146036,4.342690654605505,1.4695551964435736,2.2513802104870678e-11,246763.3362223958,9.080524155730195e-12,0.0001667813542490968,2.1747279429763308e-05,1.0952251058782365,0.00010132720115988817
Pe1,1.0,800.6,0.5927735821116541,0.93035,109701.74043660413,476442.91885360336,4.3430752963207215,1.2149117679133052,2.1711929822086098e-11,235703.70424663913,4.207347732291131e-12,0.00015930641722380502,1.007633097199316e-05,1.095322112387974,9.771823836791827e-05
Pe1,1.0,825.6,0.6112838738338516,0.93535,105507.8193647678,458260.13872628345,4.343376078525135,0.7714961015864721,2.1049342563308523e-11,226701.3800457015,5.781712250821473e-12,0.00015322196462802458,1.3846834141370052e-05,1.0953979695576128,9.473615155097813e-05
Pe1,1.0,850.6,0.6297941655560492,0.9409,101083.2872711561,439071.8501454949,4.3436641407167915,0.9301104850979459,2.0336750602062177e-11,217202.3413557139,5.354957269412153e-12,0.00014680179475581601,1.2824783027404855e-05,1.095470618744361,9.152901005325186e-05
Pe1,1.0,875.6,0.6483044572782468,0.94505,97124.78196006003,421899.12727892445,4.343887510114763,1.6343569251382732,1.9665270243018647e-11,208702.21810150682,3.797835680576287e-12,0.00014105676760014802,9.095575581030573e-06,1.095526952430548,8.850689832379867e-05
Pe10,10.0,0.1,0.0002460629921259843,0.545,707294240.5531375,2804501187.6072607,3.9651124338493244,1.0692724472497834,2.2218912497613088e-07,1479561890.1855907,4.174555234331209e-07,1.0,1.0,1.0,1.0
Pe10,10.0,0.2,0.0004921259842519686,0.54505,146263292.30653656,598076043.2464206,4.0890372000719175,1.1316374279144574,3.913311360526581e-08,309077264.7324606,1.718759015192283e-08,0.208897827649299,0.041172266713765004,1.031253783666933,0.17612524289597778
Pe10,10.0,0.4,0.0009842519685039372,0.54605,59259639.95461622,250279416.4245719,4.223438019809899,1.1703468689807792,1.3365927337005333e-08,126514236.64586006,3.0076290763488834e-09,0.08550790439052913,0.007204669497757226,1.0651496244483016,0.06015563245249377
Pe10,10.0,0.8,0.0019685039370078744,0.54845,21514853.41210679,92622931.70940143,4.305069150844451,1.1763211251480838,4.3174344916052635e-09,46203343.32443218,5.035049429130825e-10,0.031227719253188256,0.0012061283529615275,1.0857369677825497,0.01943134927089286
Pe10,10.0,1.6,0.003937007874015749,0.5531,12208118.24339214,52822598.17123782,4.326841952061612,1.1312198094788792,2.3595893620291673e-09,26255869.25979619,3.2160374494505633e-10,0.01774570528881543,0.0007703904413581901,1.0912280608046014,0.010619733806875791
Pe10,10.0,3.2,0.007874015748031498,0.5619,8566899.933710523,37132901.10820139,4.334461870166642,1.3805170764106467,1.6308359286098756e-09,18432701.227060918,1.1300173719347956e-10,0.012458215738950121,0.00027069168055116933,1.0931498015451617,0.007339854859165908
Pe10,10.0,6.4,0.015748031496062995,0.57825,4040768.821977028,17561522.561154637,4.346084454433675,2.0256975247669233,7.532465886051626e-10,8700192.927677164,1.3576123417911772e-10,0.0058802494071984,0.0003252112537944837,1.0960810133231211,0.003390114564275284
Pe10,10.0,11.4,0.028051181102362207,0.60545,29238.559140011897,127450.93000645933,4.35900173452964,2.8738518862495517,5.319828731408643e-12,63000.30105444391,6.442871432309198e-11,4.258037563169553e-05,0.00015433671542595812,1.0993387469464335,2.394279527398173e-05
Pe10,10.0,16.4,0.040354330708661415,0.633,1067718.673584101,4646079.797129274,4.351408205246975,2.012475448763117,2.0090705145443087e-10,2298885.430370477,5.434548285680622e-11,0.0015537609109965067,0.00013018268966684954,1.0974236614578505,0.000904216403372639
Pe10,10.0,21.4,0.05265748031496063,0.6586,146112.4440606388,635958.0938907433,4.352525193725535,8.416076278876588,2.783613117909027e-11,314549.944659561,3.9096731966248304e-11,0.0002125966792913982,9.365484410104314e-05,1.0977053655702043,0.00012528124939544463
Pe10,10.0,26.4,0.06496062992125984,0.6836,308602.0143064667,1342714.1333637496,4.350957126385851,2.9992528397100084,6.018604470968224e-11,664091.9700220937,9.37013526619016e-11,0.00044884365731993306,0.00022445828933178116,1.0973098995233155,0.0002708775450470307
Pe10,10.0,31.4,0.07726377952755906,0.70855,519523.6678476146,2257536.9746572,4.345397744842252,1.777104943207574,1.0544758099248906e-10,1116996.4001054466,3.8004670568016635e-11,0.0007549507780072213,9.103884949340053e-05,1.0959078253989754,0.0004745847979905271
Pe10,10.0,36.4,0.08956692913385828,0.7322,578805.0912283555,2504314.9875053414,4.326698271071904,0.650208287756573,1.2669802835879594e-10,1241118.6530588313,3.81542715799849e-11,0.0008388419986291685,9.139721344733258e-05,1.091191824508127,0.0005702260557190039
Pe10,10.0,41.4,0.10187007874015748,0.75355,448745.3804016633,1800860.1834135489,4.013100216879411,1.470033230530701,1.297803173199665e-10,923287.6567753362,5.545239691566013e-11,0.0006240277361155352,0.00013283426329977393,1.0121025024714116,0.0005840984221613386
Pe10,10.0,46.4,0.1141732283464567,0.77515,430508.1480155764,2083493.613487879,4.839614820513212,2.2979287520192706,1.22584199060867e-10,974828.460831849,1.0895127001058262e-10,0.0006588629156361754,0.00026098892910692874,1.220549202892318,0.0005517110663000984
Pe10,10.0,51.4,0.1264763779527559,0.7919,1574686.3907369063,7705466.431706658,4.893333985124955,0.6422400483774977,1.0812277832457536e-10,3657225.3715749322,3.984418320903535e-10,0.0024718299354927176,0.0009544533722146007,1.2340971578388547,0.0004866249792207007
Pe10,10.0,56.4,0.13877952755905512,0.80795,916283.878297014,3904993.7838060767,4.261772880980746,10.624109002093938,9.006030222982268e-11,1948996.167741594,1.9268494255507528e-10,0.0013172792437206658,0.0004615699918651206,1.0748176633274997,0.0004053317291721527
Pe10,10.0,61.4,0.15108267716535434,0.8218,622729.8336277263,2667238.16157961,4.283138557922551,3.7610497111328804,7.61888203248173e-11,1327493.3202406329,5.911407424938102e-11,0.000897220541463201,0.0001416056823568451,1.0802060797465174,0.00034290076228079137
Pe10,10.0,66.4,0.16338582677165356,0.83425,459184.8988333118,1976151.186818694,4.303606655705928,2.17375952243988,6.339864734074675e-11,981455.1476999457,3.8739275833298617e-11,0.0006633417325833092,9.279857052725019e-05,1.0853681270086948,0.00028533641035562596
Pe10,10.0,71.4,0.17568897637795278,0.84605,378519.85161295644,1633123.6762542825,4.314499409463421,0.8548187742958863,5.6581440560287554e-11,810204.0446418251,3.862571571400756e-11,0.0005475972651202824,9.25265412620553e-05,1.0881152757817039,0.0002546544101398569
Pe10,10.0,76.4,0.187992125984252,0.85665,314502.76899772376,1359145.1624794689,4.321568190992003,3.23785735816062,4.962574921809756e-11,673806.0442961587,1.1899385805662411e-11,0.00045540916454102435,2.8504559498465397e-05,1.0898980200661377,0.0002233491365674567
Pe10,10.0,81.4,0.20029527559055121,0.8655,257835.33672468513,1115667.5002626493,4.327054291452501,4.9187120380339096,4.232547342085404e-11,552799.2835963903,2.0622369964291528e-11,0.0003736236295779754,4.940016075172464e-05,1.0912816127263771,0.0001904930019657845
Pe10,10.0,86.4,0.21259842519685043,0.8738,236567.78655178956,1024357.7614630971,4.330081353823058,1.143115347578953,3.999423486173413e-11,507406.5722316007,8.554843364394666e-12,0.00034294379680727886,2.049282590403959e-05,1.0920450368211683,0.0001800008657760842
Pe10,10.0,91.4,0.22490157480314962,0.8818,205529.9526577657,890523.4836535231,4.332816079300915,1.260427414701228,3.55386314905816e-11,440993.3918225733,6.511355570518034e-12,0.00029805673878722085,1.5597722883073066e-05,1.0927347336515814,0.00015994766392999393
Pe10,10.0,96.4,0.23720472440944884,0.8879,177339.4250649055,768752.9477128286,4.334924100670047,0.8403015561764564,3.1187111136370725e-11,380611.6114309551,1.8409261630348537e-11,0.00025724615776850847,4.409873770252754e-05,1.093266375920067,0.0001403629054289721
Pe10,10.0,101.4,0.24950787401574806,0.894,140236.2214598176,608357.1846816281,4.338088821481424,0.8107066057524146,2.5189684321307078e-11,301105.4899465555,3.9313779145934905e-12,0.00020350989839890103,9.417477297370872e-06,1.0940645174265626,0.00011337046457162623
Pe10,10.0,106.4,0.2618110236220473,0.8993,130497.13899471464,566221.0942549407,4.338954084486662,4.931184725046418,2.378911967966416e-11,280226.0575497694,3.819059188555461e-12,0.00018939799639920363,9.14842174598104e-06,1.0942827364606187,0.00010706698485904635
Pe10,10.0,111.4,0.27411417322834647,0.90365,122226.08388465898,530409.9261560815,4.3395804667734685,2.749704286455136,2.25133125312169e-11,262486.2743882269,6.816020484598559e-12,0.0001774081071764437,1.6327536951826987e-05,1.0944407098591682,0.00010132499749317361
Pe10,10.0,116.4,0.2864173228346457,0.90835,116727.2614195127,506624.39700166974,4.340240581682831,2.2937056994756895,2.1773564850375767e-11,250699.23482898052,5.981388527115061e-12,0.00016944153299158966,1.4328205500611415e-05,1.0946071906135921,9.799563706241175e-05
Pe10,10.0,121.4,0.2987204724409449,0.9123,110945.43739850115,481595.82816408545,4.340834913600437,1.9960114621748135,2.0907879158251098e-11,238300.11013361078,5.89674341008627e-12,0.00016106126530720475,1.4125441104700022e-05,1.0947570809199885,9.409947116222349e-05
Pe10,10.0,126.4,0.31102362204724415,0.91645,106638.17782672515,462950.8585016027,4.341323791689736,1.494322242817029,2.030977431809875e-11,229063.34321636724,6.4165359902081156e-12,0.00015481835855317576,1.5370585918804082e-05,1.0948803758069443,9.140759846045826e-05
Pe10,10.0,131.4,0.32332677165354334,0.9202,99320.12533518574,431251.1623257008,4.342031998754669,1.146963877829241,1.914321795679383e-11,213363.81119596923,3.8075408347223116e-12,0.0001442074255975907,9.120829935149497e-06,1.0950589853865584,8.6157312869612e-05
Pe10,10.0,136.4,0.33562992125984253,0.9225,89505.87787377648,388713.6722052451,4.342884304798611,1.1914938540229605,1.7368530186816006e-11,192302.0814417692,2.7283673225676246e-12,0.00012997231323499928,6.5357078045817895e-06,1.0952739366794062,7.817002829765794e-05
Pe10,10.0,141.4,0.3479330708661418,0.92505,86939.71797363645,377585.79085498437,4.343075865158468,1.0395755205168218,1.6950224632627138e-11,186793.3041782702,3.687753795982548e-12,0.00012624906427864232,8.833884303781048e-06,1.0953222481366607,7.628737290561835e-05
Pe10,10.0,146.4,0.36023622047244097,0.9277,85288.98571588614,370430.97822919366,4.343245204757972,1.959479665352815,1.6706027483289786e-11,183250.7030307339,3.740297823142994e-12,0.0001238547060763694,8.959751669790073e-06,1.095364955525752,7.518832204359445e-05
Pe10,10.0,151.4,0.3725393700787402,0.9297,82862.59891074295,359909.70229901385,4.343451774746983,0.9297777192042219,1.629231110273293e-11,178042.1985706921,3.4795228029481655e-12,0.0001203344042258071,8.335074295658727e-06,1.095417052406347,7.332632100910953e-05
Pe10,10.0,156.4,0.3848425196850394,0.9324,80765.00783547467,350810.11580412433,4.343590438556696,1.2847387016425083,1.5946320226879472e-11,173538.24725047217,5.304312454679707e-12,0.00011729029275598885,1.27062936215515e-05,1.0954520233717422,7.176913014348717e-05
Pe10,10.0,161.4,0.3971456692913386,0.93465,79617.99599289714,345837.6080904697,4.343711541311872,1.378895429236172,1.5775304007768043e-11,171076.39820659105,3.591963226886357e-12,0.00011562638869073052,8.604421370081147e-06,1.095482565445188,7.099944252205294e-05
Pe10,10.0,166.4,0.40944881889763785,0.93645,77832.79800061633,338094.718687998,4.343859238946039,2.907560658270573,1.547977612207587e-11,167243.7128060367,2.6104665987452534e-12,0.00011303596957681728,6.2532807741456726e-06,1.0955198147380218,6.966936893846096e-05
Pe10,10.0,171.4,0.42175196850393704,0.9383,76422.49522436719,331978.86270782736,4.343994026015215,1.8193533374050455,1.5254510787792225e-11,164216.20885281777,7.0925360988665915e-12,0.00011098975307631038,1.698992036454121e-05,1.0955538079907796,6.865552393453538e-05
Pe10,10.0,176.4,0.4340551181102363,0.94025,75180.66533023042,326593.06602804683,4.344109813254374,1.3813918016643623,1.506003375550139e-11,161550.2044353959,3.2463557590319087e-12,0.0001091878653451473,7.77653085611166e-06,1.0955830094929033,6.778024692756338e-05
Pe10,10.0,181.4,0.4463582677165355,0.9425,74326.25842836809,322888.5765037652,4.344205982263307,0.9409960015019073,1.4942368421083224e-11,159716.24327312995,4.706160753672507e-12,0.00010794833547185764,1.127344229385065e-05,1.0956072632840725,6.72506740493642e-05
Pe10,10.0,186.4,0.45866141732283466,0.9448,73112.62705564925,317624.64774896676,4.3443199969713655,1.9704009436669931,1.4756415906948816e-11,157110.65195406228,3.639670718923341e-12,0.00010618727948876468,8.718702986586401e-06,1.0956360177544593,6.64137630882432e-05
Pe10,10.0,191.4,0.4709645669291339,0.94675,72145.06253518206,313428.43183759495,4.344419712502838,1.5735466382669479,1.4609685013934708e-11,155033.48956085666,3.2685833666382704e-12,0.00010478337580147447,7.829776307084648e-06,1.0956611659774003,6.57533757131641e-05
Pe10,10.0,196.4,0.4832677165354331,0.94845,71074.15253145984,308782.97185186326,4.344518518390851,1.342801513466794,1.4435477675916864e-11,152734.16164274528,5.8181264847285834e-12,0.00010322931582374488,1.3937117029571859e-05,1.0956860847885717,6.496932591758316e-05
